character_id,normalized_name,canonical_name,appearance_count,speaker_turn_count,mention_count,unique_episode_count,total_score,is_focus_character,is_generic_name,source,overall_rank
char__king,king,King,929,6064,6285,3151,15136,True,False,light_combined,1
char__person,person,Person,659,4254,615,1090,6846,False,True,light_combined,2
char__queen,queen,Queen,422,2712,1827,1108,5805,False,False,light_combined,3
char__guard,guard,Guard,495,3167,1032,918,5684,False,True,light_combined,4
char__servant,servant,Servant,433,2758,591,613,4648,False,True,light_combined,5
char__priest,priest,Priest,388,2459,774,683,4397,False,False,light_combined,6
char__man,man,Man,183,1197,2238,1722,3984,False,True,light_combined,7
char__child,child,Child,305,1927,1112,779,3954,False,True,light_combined,8
char__peasant,peasant,Peasant,352,2259,419,493,3734,False,True,light_combined,9
char__knight,knight,Knight,312,1962,758,539,3656,False,False,light_combined,10
char__people,people,People,52,319,2767,1990,3242,False,True,light_combined,11
char__rat,rat,Rat,226,1453,734,401,2865,False,True,light_combined,12
char__horse,horse,Horse,192,1243,822,449,2641,False,True,light_combined,13
char__family,family,Family,42,268,2224,1386,2618,False,True,light_combined,14
char__bird,bird,Bird,213,1348,585,411,2572,False,True,light_combined,15
char__fish,fish,Fish,115,735,1292,531,2372,False,True,light_combined,16
char__animal,animal,Animal,205,1329,359,374,2303,False,True,light_combined,17
char__maid,maid,Maid,197,1289,370,339,2250,False,False,light_combined,18
char__villager,villager,Villager,222,1395,131,264,2192,False,True,light_combined,19
char__thief,thief,Thief,191,1238,372,335,2183,False,False,light_combined,20
char__god,god,God,62,379,1475,841,2040,False,False,light_combined,21
char__traveler,traveler,Traveler,185,1159,223,286,1937,False,True,light_combined,22
char__witch,witch,Witch,133,865,579,352,1843,False,False,light_combined,23
char__spider,spider,Spider,148,981,408,240,1833,False,False,light_combined,24
char__father,father,Father,26,156,1580,821,1814,False,True,light_combined,25
char__friend,friend,Friend,14,89,1654,1172,1785,False,True,light_combined,26
char__princess,princess,Princess,131,867,520,336,1780,False,False,light_combined,27
char__lord,lord,Lord,46,273,1366,756,1777,False,True,light_combined,28
char__ghost,ghost,Ghost,152,941,372,237,1769,False,False,light_combined,29
char__soldier,soldier,Soldier,161,992,228,231,1703,False,False,light_combined,30
char__dog,dog,Dog,114,701,659,399,1702,False,False,light_combined,31
char__guest,guest,Guest,164,1023,122,218,1637,False,True,light_combined,32
char__merchant,merchant,Merchant,146,907,247,264,1592,False,False,light_combined,33
char__farmer,farmer,Farmer,135,845,317,297,1567,False,True,light_combined,34
char__cat,cat,Cat,111,698,527,295,1558,False,False,light_combined,35
char__thing,thing,Thing,6,42,1457,1306,1517,False,False,light_combined,36
char__wife,wife,Wife,71,472,826,640,1511,False,True,light_combined,37
char__monk,monk,Monk,140,893,161,159,1474,False,False,light_combined,38
char__fisherman,fisherman,Fisherman,136,876,151,183,1435,False,False,light_combined,39
char__royal,royal,Royal,49,308,908,696,1363,False,False,light_combined,40
char__visitor,visitor,Visitor,133,850,71,155,1320,False,True,light_combined,41
char__woman,woman,Woman,97,608,384,375,1283,False,True,light_combined,42
char__dragon,dragon,Dragon,89,565,435,227,1267,False,False,light_combined,43
char__prisoner,prisoner,Prisoner,113,704,138,176,1181,False,False,light_combined,44
char__mouse,mouse,Mouse,83,558,354,208,1161,False,False,light_combined,45
char__bat,bat,Bat,99,619,236,142,1152,False,False,light_combined,46
char__wizard,wizard,Wizard,66,444,490,283,1132,False,False,light_combined,47
char__deer,deer,Deer,91,626,231,150,1130,False,False,light_combined,48
char__dogs,dogs,Dogs,94,600,246,227,1128,False,False,light_combined,49
char__blacksmith,blacksmith,Blacksmith,94,599,245,214,1126,False,False,light_combined,50
char__village,village,Village,4,28,1048,730,1088,False,False,light_combined,51
char__hunter,hunter,Hunter,94,607,148,142,1037,False,False,light_combined,52
char__creature,creature,Creature,70,431,345,323,986,False,False,light_combined,53
char__mother,mother,Mother,45,288,559,399,982,False,True,light_combined,54
char__sailor,sailor,Sailor,89,578,110,117,955,False,False,light_combined,55
char__royal_family,royal family,Royal Family,86,544,152,205,954,False,False,light_combined,56
char__prince,prince,Prince,56,347,414,273,929,False,False,light_combined,57
char__boy,boy,Boy,18,121,747,495,922,False,True,light_combined,58
char__archer,archer,Archer,85,560,91,95,906,False,False,light_combined,59
char__priests,priests,Priests,86,548,89,145,895,False,False,light_combined,60
char__worshipper,worshipper,Worshipper,89,575,12,90,854,False,False,light_combined,61
char__friends,friends,Friends,12,70,738,579,844,False,False,light_combined,62
char__children,children,Children,21,141,637,470,841,False,False,light_combined,63
char__bandit,bandit,Bandit,77,484,121,127,836,False,False,light_combined,64
char__troll,troll,Troll,66,410,228,116,836,False,False,light_combined,65
char__noble,noble,Noble,61,376,277,271,836,False,False,light_combined,66
char__snake,snake,Snake,55,354,309,170,828,False,False,light_combined,67
char__fairy,fairy,Fairy,59,389,259,154,825,False,False,light_combined,68
char__chicken,chicken,Chicken,56,347,297,183,812,False,False,light_combined,69
char__worker,worker,Worker,74,472,110,152,804,False,False,light_combined,70
char__kings,kings,Kings,45,284,380,360,799,False,False,light_combined,71
char__no_one,no one,No One,11,74,692,610,799,False,False,light_combined,72
char__family_member,family member,Family Member,86,528,11,92,797,False,False,light_combined,73
char__chef,chef,Chef,64,385,220,167,797,False,False,light_combined,74
char__spirit,spirit,Spirit,49,327,320,227,794,False,False,light_combined,75
char__farmers,farmers,Farmers,76,478,71,125,777,False,False,light_combined,76
char__son,son,Son,19,119,596,388,772,False,False,light_combined,77
char__snakes,snakes,Snakes,67,443,114,132,758,False,False,light_combined,78
char__insects,insects,Insects,65,402,160,157,757,False,False,light_combined,79
char__goblin,goblin,Goblin,65,426,118,88,739,False,False,light_combined,80
char__pirate,pirate,Pirate,64,425,117,90,734,False,False,light_combined,81
char__enemy,enemy,Enemy,54,336,209,190,707,False,False,light_combined,82
char__owner,owner,Owner,51,343,205,192,701,False,False,light_combined,83
char__guards,guards,Guards,4,28,646,478,686,False,False,light_combined,84
char__member,member,Member,60,396,106,135,682,False,False,light_combined,85
char__parishioner,parishioner,Parishioner,66,441,34,74,673,False,False,light_combined,86
char__jester,jester,Jester,50,319,204,135,673,False,False,light_combined,87
char__preacher,preacher,Preacher,60,412,67,65,659,False,False,light_combined,88
char__cook,cook,Cook,31,205,357,270,655,False,False,light_combined,89
char__customer,customer,Customer,67,416,31,84,648,False,False,light_combined,90
char__vulture,vulture,Vulture,60,384,81,72,645,False,False,light_combined,91
char__lady,lady,Lady,10,57,549,387,636,False,True,light_combined,92
char__fight,fight,Fight,3,13,611,459,633,False,False,light_combined,93
char__rabbit,rabbit,Rabbit,49,321,161,104,629,False,False,light_combined,94
char__fly,fly,Fly,16,108,473,319,629,False,False,light_combined,95
char__fool,fool,Fool,15,102,480,361,627,False,False,light_combined,96
char__mice,mice,Mice,44,294,197,153,623,False,False,light_combined,97
char__husband,husband,Husband,14,98,483,296,623,False,True,light_combined,98
char__criminal,criminal,Criminal,54,369,73,95,604,False,False,light_combined,99
char__captain,captain,Captain,43,281,194,115,604,False,False,light_combined,100
char__bear,bear,Bear,37,262,207,155,580,False,False,light_combined,101
char__cow,cow,Cow,46,297,136,103,571,False,False,light_combined,102
char__gods,gods,Gods,23,148,348,262,565,False,False,light_combined,103
char__bishop,bishop,Bishop,49,319,93,72,559,False,False,light_combined,104
char__resident,resident,Resident,57,371,15,63,557,False,False,light_combined,105
char__wolf,wolf,Wolf,35,231,217,130,553,False,False,light_combined,106
char__worms,worms,Worms,34,215,235,151,552,False,False,light_combined,107
char__others,others,Others,7,37,490,448,548,False,False,light_combined,108
char__craftsman,craftsman,Craftsman,53,321,63,68,543,False,False,light_combined,109
char__brother,brother,Brother,24,150,319,231,541,False,False,light_combined,110
char__daughter,daughter,Daughter,25,170,285,218,530,False,False,light_combined,111
char__lizards,lizards,Lizards,48,320,64,73,528,False,False,light_combined,112
char__soldiers,soldiers,Soldiers,28,176,253,201,513,False,False,light_combined,113
char__angel,angel,Angel,39,262,127,72,506,False,False,light_combined,114
char__battle,battle,Battle,2,14,481,338,501,False,False,light_combined,115
char__outlaw,outlaw,Outlaw,46,306,56,54,500,False,False,light_combined,116
char__squire,squire,Squire,41,263,103,79,489,False,False,light_combined,117
char__army,army,Army,21,130,295,242,488,False,False,light_combined,118
char__adventurer,adventurer,Adventurer,46,307,41,62,486,False,False,light_combined,119
char__frog,frog,Frog,32,195,195,101,486,False,False,light_combined,120
char__light,light,Light,3,14,459,374,482,False,False,light_combined,121
char__altar_boy,altar boy,Altar Boy,50,301,30,60,481,False,False,light_combined,122
char__local,local,Local,34,217,160,176,479,False,False,light_combined,123
char__high_priestess,high priestess,High Priestess,46,285,49,58,472,False,False,light_combined,124
char__townsperson,townsperson,Townsperson,48,306,21,58,471,False,False,light_combined,125
char__subject,subject,Subject,41,258,87,98,468,False,False,light_combined,126
char__pig,pig,Pig,35,211,146,99,462,False,False,light_combined,127
char__wench,wench,Wench,37,234,106,97,451,False,False,light_combined,128
char__nun,nun,Nun,42,264,55,69,445,False,False,light_combined,129
char__seagull,seagull,Seagull,42,269,46,45,441,False,False,light_combined,130
char__beggar,beggar,Beggar,38,258,58,53,430,False,False,light_combined,131
char__goddess,goddess,Goddess,23,152,209,108,430,False,False,light_combined,132
char__clergyman,clergyman,Clergyman,43,274,24,50,427,False,False,light_combined,133
char__crow,crow,Crow,36,241,78,52,427,False,False,light_combined,134
char__beast,beast,Beast,18,114,259,198,427,False,False,light_combined,135
char__butler,butler,Butler,40,265,41,51,426,False,False,light_combined,136
char__congregant,congregant,Congregant,44,281,10,44,423,False,False,light_combined,137
char__squirrel,squirrel,Squirrel,38,232,77,60,423,False,False,light_combined,138
char__families,families,Families,37,232,76,100,419,False,False,light_combined,139
char__vendor,vendor,Vendor,44,261,22,52,415,False,False,light_combined,140
char__wolves,wolves,Wolves,23,159,182,121,410,False,False,light_combined,141
char__cockroach,cockroach,Cockroach,38,239,50,43,403,False,False,light_combined,142
char__turtles,turtles,Turtles,38,254,33,48,401,False,False,light_combined,143
char__faery,faery,Faery,38,234,53,45,401,False,False,light_combined,144
char__villagers,villagers,Villagers,23,132,200,170,401,False,False,light_combined,145
char__miner,miner,Miner,40,246,30,46,396,False,False,light_combined,146
char__gardener,gardener,Gardener,36,218,67,63,393,False,False,light_combined,147
char__fox,fox,Fox,26,159,155,91,392,False,False,light_combined,148
char__lizard,lizard,Lizard,23,152,163,80,384,False,False,light_combined,149
char__dwarf,dwarf,Dwarf,34,225,54,50,381,False,False,light_combined,150
char__high_priest,high priest,High Priest,33,218,61,65,378,False,False,light_combined,151
char__duke,duke,Duke,29,179,109,76,375,False,False,light_combined,152
char__soul,soul,Soul,5,35,322,263,372,False,False,light_combined,153
char__worshiper,worshiper,Worshiper,38,247,8,42,369,False,False,light_combined,154
char__mourner,mourner,Mourner,38,246,3,38,363,False,False,light_combined,155
char__townperson,townperson,Townperson,39,240,4,40,361,False,False,light_combined,156
char__sister,sister,Sister,16,92,220,130,360,False,False,light_combined,157
char__court_jester,court jester,Court Jester,35,242,11,39,358,False,False,light_combined,158
char__mariner,mariner,Mariner,33,237,18,36,354,False,False,light_combined,159
char__leader,leader,Leader,29,173,88,89,348,False,False,light_combined,160
char__general,general,General,24,153,122,88,347,False,False,light_combined,161
char__acolyte,acolyte,Acolyte,37,219,16,39,346,False,False,light_combined,162
char__parent,parent,Parent,37,219,16,42,346,False,False,light_combined,163
char__musician,musician,Musician,34,219,25,40,346,False,False,light_combined,164
char__demon,demon,Demon,23,150,125,86,344,False,False,light_combined,165
char__roach,roach,Roach,29,186,70,43,343,False,False,light_combined,166
char__monkey,monkey,Monkey,31,165,83,55,341,False,False,light_combined,167
char__girl,girl,Girl,20,106,174,159,340,False,True,light_combined,168
char__ambassador,ambassador,Ambassador,33,206,34,44,339,False,False,light_combined,169
char__monster,monster,Monster,18,125,160,110,339,False,False,light_combined,170
char__bug,bug,Bug,21,142,132,98,337,False,False,light_combined,171
char__bartender,bartender,Bartender,31,210,32,45,335,False,False,light_combined,172
char__old_man,old man,Old Man,19,128,147,114,332,False,False,light_combined,173
char__assistant,assistant,Assistant,28,168,76,73,328,False,False,light_combined,174
char__royalty,royalty,Royalty,21,135,129,136,327,False,False,light_combined,175
char__tower,tower,Tower,1,7,317,211,327,False,False,light_combined,176
char__inhabitant,inhabitant,Inhabitant,33,214,9,35,322,False,False,light_combined,177
char__gnome,gnome,Gnome,28,186,51,33,321,False,False,light_combined,178
char__mermaid,mermaid,Mermaid,29,181,51,43,319,False,False,light_combined,179
char__town_baker,town baker,Town Baker,25,236,7,26,318,False,False,light_combined,180
char__cooks,cooks,Cooks,30,197,30,52,317,False,False,light_combined,181
char__groom,groom,Groom,29,177,48,57,312,False,False,light_combined,182
char__gypsy,gypsy,Gypsy,29,192,32,37,311,False,False,light_combined,183
char__pelican,pelican,Pelican,29,184,32,35,303,False,False,light_combined,184
char__ox,ox,Ox,27,176,46,36,303,False,False,light_combined,185
char__hiker,hiker,Hiker,30,198,14,32,302,False,False,light_combined,186
char__butterfly,butterfly,Butterfly,29,175,40,35,302,False,False,light_combined,187
char__goat,goat,Goat,21,134,103,58,300,False,False,light_combined,188
char__spiders,spiders,Spiders,19,129,113,94,299,False,False,light_combined,189
char__sheep,sheep,Sheep,16,106,145,85,299,False,False,light_combined,190
char__executioner,executioner,Executioner,26,181,38,41,297,False,False,light_combined,191
char__follower,follower,Follower,26,172,44,47,294,False,False,light_combined,192
char__mage,mage,Mage,25,155,64,45,294,False,False,light_combined,193
char__flies,flies,Flies,15,97,151,107,293,False,False,light_combined,194
char__homeless,homeless,Homeless,24,140,80,71,292,False,False,light_combined,195
char__deity,deity,Deity,25,161,54,44,290,False,False,light_combined,196
char__elf,elf,Elf,24,160,57,43,289,False,False,light_combined,197
char__gravedigger,gravedigger,Gravedigger,30,178,19,36,287,False,False,light_combined,198
char__mayor,mayor,Mayor,26,170,39,33,287,False,False,light_combined,199
char__caretaker,caretaker,Caretaker,28,176,26,37,286,False,False,light_combined,200
char__spirits,spirits,Spirits,11,76,172,124,281,False,False,light_combined,201
char__town_sheriff,town sheriff,Town Sheriff,31,187,0,31,280,False,False,light_combined,202
char__doctor,doctor,Doctor,19,120,103,74,280,False,False,light_combined,203
char__grandmother,grandmother,Grandmother,27,155,42,48,278,False,False,light_combined,204
char__lady_in_waiting,lady in waiting,Lady In Waiting,29,180,9,36,276,False,False,light_combined,205
char__explorer,explorer,Explorer,27,170,23,32,274,False,False,light_combined,206
char__cardinal,cardinal,Cardinal,25,168,30,36,273,False,False,light_combined,207
char__flirty_barmaid,flirty barmaid,Flirty Barmaid,29,181,1,29,269,False,False,light_combined,208
char__party,party,Party,10,70,169,113,269,False,False,light_combined,209
char__wall,wall,Wall,3,15,243,192,267,False,False,light_combined,210
char__torturer,torturer,Torturer,24,161,33,41,266,False,False,light_combined,211
char__clergy,clergy,Clergy,28,169,12,34,265,False,False,light_combined,212
char__wise_men,wise men,Wise Men,27,175,8,30,264,False,False,light_combined,213
char__his_wife,his wife,His Wife,26,149,37,60,264,False,False,light_combined,214
char__watchman,watchman,Watchman,25,166,22,32,263,False,False,light_combined,215
char__priestess,priestess,Priestess,15,96,121,77,262,False,False,light_combined,216
char__trader,trader,Trader,25,157,29,37,261,False,False,light_combined,217
char__kid,kid,Kid,11,77,151,109,261,False,False,light_combined,218
char__patron,patron,Patron,23,160,31,40,260,False,False,light_combined,219
char__owl,owl,Owl,21,147,50,34,260,False,False,light_combined,220
char__souls,souls,Souls,16,96,115,96,259,False,False,light_combined,221
char__pastor,pastor,Pastor,24,149,36,31,257,False,False,light_combined,222
char__turtle,turtle,Turtle,10,68,159,75,257,False,False,light_combined,223
char__assassin,assassin,Assassin,22,141,48,46,255,False,False,light_combined,224
char__scribe,scribe,Scribe,22,145,43,33,254,False,False,light_combined,225
char__chambermaid,chambermaid,Chambermaid,17,112,90,68,253,False,False,light_combined,226
char__archaeologist,archaeologist,Archaeologist,29,155,10,35,252,False,False,light_combined,227
char__orc,orc,Orc,17,116,85,49,252,False,False,light_combined,228
char__attendee,attendee,Attendee,25,167,7,26,249,False,False,light_combined,229
char__subjects,subjects,Subjects,15,102,101,92,248,False,False,light_combined,230
char__preist,preist,Preist,25,155,17,38,247,False,False,light_combined,231
char__ogre,ogre,Ogre,20,130,56,32,246,False,False,light_combined,232
char__faeries,faeries,Faeries,20,139,46,40,245,False,False,light_combined,233
char__horse_tied_up_in_front_of_a_shop,horse tied up in front of a shop,Horse Tied Up In Front Of A Shop,25,168,0,25,243,False,False,light_combined,234
char__warrior,warrior,Warrior,17,106,85,77,242,False,False,light_combined,235
char__potion,potion,Potion,3,21,209,122,239,False,False,light_combined,236
char__pet,pet,Pet,10,53,155,122,238,False,False,light_combined,237
char__traveller,traveller,Traveller,21,139,34,46,236,False,False,light_combined,238
char__table,table,Table,2,8,222,195,236,False,False,light_combined,239
char__pope,pope,Pope,21,133,38,32,234,False,False,light_combined,240
char__bridge,bridge,Bridge,2,14,211,107,231,False,False,light_combined,241
char__residents_of_the_cottage,residents of the cottage,Residents Of The Cottage,23,159,0,23,228,False,False,light_combined,242
char__castle_guards,castle guards,Castle Guards,24,154,1,25,227,False,False,light_combined,243
char__diplomat,diplomat,Diplomat,22,142,19,29,227,False,False,light_combined,244
char__gather,gather,Gather,5,29,182,169,226,False,False,light_combined,245
char__giant_frog,giant frog,Giant Frog,22,149,10,23,225,False,False,light_combined,246
char__alchemist,alchemist,Alchemist,23,133,22,29,224,False,False,light_combined,247
char__loved_ones,loved ones,Loved Ones,19,126,41,51,224,False,False,light_combined,248
char__mistress,mistress,Mistress,17,106,66,56,223,False,False,light_combined,249
char__boar,boar,Boar,15,92,86,53,223,False,False,light_combined,250
char__rodent,rodent,Rodent,18,113,55,52,222,False,False,light_combined,251
char__queen_s,queen's,Queen'S,12,76,110,112,222,False,False,light_combined,252
char__hog,hog,Hog,21,133,25,26,221,False,False,light_combined,253
char__judge,judge,Judge,12,72,113,98,221,False,False,light_combined,254
char__mate,mate,Mate,11,64,124,109,221,False,False,light_combined,255
char__serving_wench,serving wench,Serving Wench,25,136,8,29,219,False,False,light_combined,256
char__king_fulmer,king fulmer,King Fulmer,22,144,8,22,218,False,False,light_combined,257
char__student,student,Student,21,123,32,32,218,False,False,light_combined,258
char__there_is_also_a_young_woman_selling_flowers_to_passersby,there is also a young woman selling flowers to passersby,There Is Also A Young Woman Selling Flowers To Passersby,24,145,0,24,217,False,False,light_combined,259
char__old_man_with_a_fishing_rod,old man with a fishing rod,Old Man With A Fishing Rod,23,148,0,23,217,False,False,light_combined,260
char__painter,painter,Painter,20,134,23,30,217,False,False,light_combined,261
char__concubine,concubine,Concubine,21,146,6,24,215,False,False,light_combined,262
char__intruder,intruder,Intruder,20,122,33,37,215,False,False,light_combined,263
char__rat_chews_on_a_dropped_hymnbook,rat chews on a dropped hymnbook,Rat Chews On A Dropped Hymnbook,23,144,0,23,213,False,False,light_combined,264
char__lost_traveler,lost traveler,Lost Traveler,24,139,1,24,212,False,False,light_combined,265
char__predator,predator,Predator,22,133,13,30,212,False,False,light_combined,266
char__ladies,ladies,Ladies,14,85,85,83,212,False,False,light_combined,267
char__sacrifice,sacrifice,Sacrifice,3,21,181,119,211,False,False,light_combined,268
char__their_family,their family,Their Family,21,142,5,25,210,False,False,light_combined,269
char__nobleman,nobleman,Nobleman,19,108,45,49,210,False,False,light_combined,270
char__blacksmith_apprentice,blacksmith apprentice,Blacksmith Apprentice,23,135,5,23,209,False,False,light_combined,271
char__traitor,traitor,Traitor,16,101,60,44,209,False,False,light_combined,272
char__royal_family_member,royal family member,Royal Family Member,22,140,2,24,208,False,False,light_combined,273
char__lawyer,lawyer,Lawyer,20,128,19,26,207,False,False,light_combined,274
char__beaver,beaver,Beaver,19,122,28,22,207,False,False,light_combined,275
char__groundskeeper_of_the_castle,groundskeeper of the castle,Groundskeeper Of The Castle,22,140,0,22,206,False,False,light_combined,276
char__camel,camel,Camel,19,116,32,25,205,False,False,light_combined,277
char__ancient_king,ancient king,Ancient King,21,136,4,21,203,False,False,light_combined,278
char__grandfather,grandfather,Grandfather,15,105,52,48,202,False,False,light_combined,279
char__hunting_dog,hunting dog,Hunting Dog,20,126,15,27,201,False,False,light_combined,280
char__police,police,Police,17,109,41,43,201,False,False,light_combined,281
char__trolls,trolls,Trolls,15,92,63,50,200,False,False,light_combined,282
char__mystical_lion,mystical lion,Mystical Lion,21,133,3,21,199,False,False,light_combined,283
char__iguana,iguana,Iguana,18,119,26,20,199,False,False,light_combined,284
char__nuns,nuns,Nuns,19,123,18,30,198,False,False,light_combined,285
char__colorful_bird,colorful bird,Colorful Bird,22,128,3,22,197,False,False,light_combined,286
char__dancer,dancer,Dancer,17,114,30,30,195,False,False,light_combined,287
char__genie,genie,Genie,14,98,55,25,195,False,False,light_combined,288
char__murderer,murderer,Murderer,18,109,31,32,194,False,False,light_combined,289
char__drunk,drunk,Drunk,3,14,171,141,194,False,False,light_combined,290
char__cleaning_person,cleaning person,Cleaning Person,20,130,3,20,193,False,False,light_combined,291
char__archaeologists,archaeologists,Archaeologists,19,133,2,19,192,False,False,light_combined,292
char__tribesman,tribesman,Tribesman,16,133,11,17,192,False,False,light_combined,293
char__critter,critter,Critter,19,109,24,28,190,False,False,light_combined,294
char__messenger,messenger,Messenger,15,105,39,34,189,False,False,light_combined,295
char__floor,floor,Floor,1,7,177,160,187,False,False,light_combined,296
char__king_s_architect,king's architect,King'S Architect,19,122,7,19,186,False,False,light_combined,297
char__sons,sons,Sons,8,56,106,88,186,False,False,light_combined,298
char__emperor,emperor,Emperor,17,119,15,21,185,False,False,light_combined,299
char__captured_knight,captured knight,Captured Knight,20,123,1,20,184,False,False,light_combined,300
char__stable_boy,stable boy,Stable Boy,14,88,54,44,184,False,False,light_combined,301
char__scorpion,scorpion,Scorpion,14,86,56,35,184,False,False,light_combined,302
char__helpers,helpers,Helpers,18,124,4,21,182,False,False,light_combined,303
char__weary_traveler,weary traveler,Weary Traveler,18,117,9,24,180,False,False,light_combined,304
char__raccoon,raccoon,Raccoon,15,101,34,22,180,False,False,light_combined,305
char__young_princess,young princess,Young Princess,20,115,4,22,179,False,False,light_combined,306
char__drunkard,drunkard,Drunkard,18,105,20,29,179,False,False,light_combined,307
char__teacher,teacher,Teacher,16,101,30,36,179,False,False,light_combined,308
char__crab,crab,Crab,13,84,56,26,179,False,False,light_combined,309
char__baby,baby,Baby,5,28,136,105,179,False,False,light_combined,310
char__proprietor,proprietor,Proprietor,18,120,3,20,177,False,False,light_combined,311
char__robber,robber,Robber,17,113,12,23,176,False,False,light_combined,312
char__swimmer,swimmer,Swimmer,17,104,19,27,174,False,False,light_combined,313
char__officer,officer,Officer,15,98,31,29,174,False,False,light_combined,314
char__fishermen,fishermen,Fishermen,14,96,36,44,174,False,False,light_combined,315
char__bride,bride,Bride,13,83,52,50,174,False,False,light_combined,316
char__sad_townsman,sad townsman,Sad Townsman,18,117,2,18,173,False,False,light_combined,317
char__handmaid,handmaid,Handmaid,16,111,12,21,171,False,False,light_combined,318
char__minister,minister,Minister,16,102,21,19,171,False,False,light_combined,319
char__young_boy,young boy,Young Boy,15,100,26,36,171,False,False,light_combined,320
char__royal_chef,royal chef,Royal Chef,18,111,5,22,170,False,False,light_combined,321
char__governor,governor,Governor,16,104,18,16,170,False,False,light_combined,322
char__citizen,citizen,Citizen,12,80,54,51,170,False,False,light_combined,323
char__footman,footman,Footman,18,102,12,21,168,False,False,light_combined,324
char__salesman,salesman,Salesman,18,96,18,29,168,False,False,light_combined,325
char__invader,invader,Invader,17,106,11,19,168,False,False,light_combined,326
char__king_and_queen,king and queen,King And Queen,9,60,81,80,168,False,False,light_combined,327
char__unicorn,unicorn,Unicorn,9,59,82,44,168,False,False,light_combined,328
char__figure,figure,Figure,3,15,143,136,167,False,False,light_combined,329
char__king_of,king of,King Of,1,7,157,131,167,False,False,light_combined,330
char__old_woman,old woman,Old Woman,15,102,18,27,165,False,False,light_combined,331
char__small_animals,small animals,Small Animals,18,105,5,22,164,False,False,light_combined,332
char__bodyguard,bodyguard,Bodyguard,15,99,19,24,163,False,False,light_combined,333
char__skeleton,skeleton,Skeleton,11,77,53,41,163,False,False,light_combined,334
char__pilgrims,pilgrims,Pilgrims,17,104,7,18,162,False,False,light_combined,335
char__temple_guard,temple guard,Temple Guard,16,109,5,18,162,False,False,light_combined,336
char__turkey,turkey,Turkey,11,75,53,27,161,False,False,light_combined,337
char__old_wizened_priestess,old wizened priestess,Old Wizened Priestess,16,110,1,16,159,False,False,light_combined,338
char__tadpole,tadpole,Tadpole,16,92,18,22,158,False,False,light_combined,339
char__hermit,hermit,Hermit,14,92,24,18,158,False,False,light_combined,340
char__egyptians,egyptians,Egyptians,17,104,2,17,157,False,False,light_combined,341
char__fisher,fisher,Fisher,15,102,8,16,155,False,False,light_combined,342
char__milk_maid,milk maid,Milk Maid,15,98,12,20,155,False,False,light_combined,343
char__village_official,village official,Village Official,16,102,4,18,154,False,False,light_combined,344
char__wrongdoer,wrongdoer,Wrongdoer,15,105,4,15,154,False,False,light_combined,345
char__barn_cat,barn cat,Barn Cat,17,99,3,18,153,False,False,light_combined,346
char__donkey,donkey,Donkey,10,70,53,28,153,False,False,light_combined,347
char__bat_queen,bat queen,Bat Queen,15,96,11,16,152,False,False,light_combined,348
char__watchmen,watchmen,Watchmen,15,90,17,23,152,False,False,light_combined,349
char__milkmaid,milkmaid,Milkmaid,15,96,10,19,151,False,False,light_combined,350
char__dirt,dirt,Dirt,4,28,111,91,151,False,False,light_combined,351
char__grounds_keeper,grounds keeper,Grounds Keeper,16,96,6,19,150,False,False,light_combined,352
char__faerie,faerie,Faerie,11,77,40,29,150,False,False,light_combined,353
char__empress,empress,Empress,17,83,15,18,149,False,False,light_combined,354
char__gobber,gobber,Gobber,13,87,23,14,149,False,False,light_combined,355
char__sinners,sinners,Sinners,12,78,35,35,149,False,False,light_combined,356
char__demons,demons,Demons,8,49,76,60,149,False,False,light_combined,357
char__young_man,young man,Young Man,6,42,89,73,149,False,False,light_combined,358
char__old_homeless_man,old homeless man,Old Homeless Man,15,101,1,15,147,False,False,light_combined,359
char__polar_bear,polar bear,Polar Bear,14,98,7,16,147,False,False,light_combined,360
char__weddings,weddings,Weddings,14,79,26,25,147,False,False,light_combined,361
char__insect,insect,Insect,7,38,88,68,147,False,False,light_combined,362
char__tavern_owner,tavern owner,Tavern Owner,16,95,3,17,146,False,False,light_combined,363
char__songbird,songbird,Songbird,15,91,9,16,145,False,False,light_combined,364
char__mad_king,mad king,Mad King,14,93,10,20,145,False,False,light_combined,365
char__old_gnaisha,old gnaisha,Old Gnaisha,15,94,5,16,144,False,False,light_combined,366
char__petitioner,petitioner,Petitioner,15,92,7,15,144,False,False,light_combined,367
char__armorer,armorer,Armorer,14,92,10,15,144,False,False,light_combined,368
char__farmer_bob,farmer bob,Farmer Bob,14,90,12,18,144,False,False,light_combined,369
char__groundskeeper,groundskeeper,Groundskeeper,13,72,33,34,144,False,False,light_combined,370
char__family_dog,family dog,Family Dog,15,98,0,15,143,False,False,light_combined,371
char__resting_travelers,resting travelers,Resting Travelers,16,94,0,16,142,False,False,light_combined,372
char__steward,steward,Steward,14,90,10,19,142,False,False,light_combined,373
char__camera_man,camera man,Camera Man,13,91,12,14,142,False,False,light_combined,374
char__freind,freind,Freind,13,85,18,29,142,False,False,light_combined,375
char__calf,calf,Calf,12,84,22,23,142,False,False,light_combined,376
char__prisoners,prisoners,Prisoners,4,28,102,83,142,False,False,light_combined,377
char__alligator,alligator,Alligator,12,72,33,24,141,False,False,light_combined,378
char__monkey_friend,monkey friend,Monkey Friend,15,93,2,17,140,False,False,light_combined,379
char__royal_member,royal member,Royal Member,15,93,2,16,140,False,False,light_combined,380
char__head_priest,head priest,Head Priest,12,95,9,14,140,False,False,light_combined,381
char__stable_hand,stable hand,Stable Hand,12,80,24,26,140,False,False,light_combined,382
char__werewolf,werewolf,Werewolf,11,70,37,25,140,False,False,light_combined,383
char__wizards,wizards,Wizards,10,57,53,50,140,False,False,light_combined,384
char__fairy_interpreter,fairy interpreter,Fairy Interpreter,14,92,5,15,139,False,False,light_combined,385
char__wealthy_noble,wealthy noble,Wealthy Noble,14,92,5,15,139,False,False,light_combined,386
char__bluebird,bluebird,Bluebird,14,88,9,14,139,False,False,light_combined,387
char__sea_witch,sea witch,Sea Witch,13,86,14,17,139,False,False,light_combined,388
char__vagrants,vagrants,Vagrants,14,93,3,16,138,False,False,light_combined,389
char__historian,historian,Historian,14,92,4,14,138,False,False,light_combined,390
char__weapons_master,weapons master,Weapons Master,14,91,5,14,138,False,False,light_combined,391
char__president,president,President,11,77,28,12,138,False,False,light_combined,392
char__captive,captive,Captive,11,77,27,32,137,False,False,light_combined,393
char__small_child_cleaning_boat,small child cleaning boat,Small Child Cleaning Boat,14,94,0,14,136,False,False,light_combined,394
char__future_heir_to_the_throne,future heir to the throne,Future Heir To The Throne,14,93,1,14,136,False,False,light_combined,395
char__alter_boy,alter boy,Alter Boy,14,85,9,17,136,False,False,light_combined,396
char__scientist,scientist,Scientist,13,85,12,19,136,False,False,light_combined,397
char__man_woman,man woman,Man Woman,12,84,16,18,136,False,False,light_combined,398
char__slave,slave,Slave,6,36,82,69,136,False,False,light_combined,399
char__devil,devil,Devil,5,35,86,65,136,False,False,light_combined,400
char__scavenger,scavenger,Scavenger,13,91,5,15,135,False,False,light_combined,401
char__fruit_bat,fruit bat,Fruit Bat,13,84,12,14,135,False,False,light_combined,402
char__reluctant_nun,reluctant nun,Reluctant Nun,14,91,1,14,134,False,False,light_combined,403
char__grass_snake,grass snake,Grass Snake,14,89,3,15,134,False,False,light_combined,404
char__performer,performer,Performer,14,82,10,18,134,False,False,light_combined,405
char__plants,plants,Plants,3,21,104,90,134,False,False,light_combined,406
char__tourist,tourist,Tourist,12,79,18,24,133,False,False,light_combined,407
char__military_commander,military commander,Military Commander,14,89,1,15,132,False,False,light_combined,408
char__church_mouse,church mouse,Church Mouse,13,86,7,16,132,False,False,light_combined,409
char__pheasant,pheasant,Pheasant,12,68,28,20,132,False,False,light_combined,410
char__hound,hound,Hound,10,65,37,30,132,False,False,light_combined,411
char__challenger,challenger,Challenger,14,85,4,16,131,False,False,light_combined,412
char__local_bazaar,local bazaar,Local Bazaar,13,89,3,13,131,False,False,light_combined,413
char__small_living_thing,small living thing,Small Living Thing,15,82,3,15,130,False,False,light_combined,414
char__king_s_guardsman,king's guardsman,King'S Guardsman,14,87,1,15,130,False,False,light_combined,415
char__mysterious_owner,mysterious owner,Mysterious Owner,13,91,0,13,130,False,False,light_combined,416
char__shipwrecked_survivor,shipwrecked survivor,Shipwrecked Survivor,13,91,0,13,130,False,False,light_combined,417
char__traveler_long_past,traveler long past,Traveler Long Past,15,84,0,15,129,False,False,light_combined,418
char__castle_guard,castle guard,Castle Guard,12,84,9,20,129,False,False,light_combined,419
char__mischievous_teenager,mischievous teenager,Mischievous Teenager,13,89,0,13,128,False,False,light_combined,420
char__ornate_birds,ornate birds,Ornate Birds,13,89,0,13,128,False,False,light_combined,421
char__talking_cat,talking cat,Talking Cat,12,73,19,22,128,False,False,light_combined,422
char__apprentice,apprentice,Apprentice,8,54,50,54,128,False,False,light_combined,423
char__torture_master,torture master,Torture Master,13,79,8,15,126,False,False,light_combined,424
char__bat_king,bat king,Bat King,12,78,12,13,126,False,False,light_combined,425
char__companion,companion,Companion,7,48,56,59,125,False,False,light_combined,426
char__tourists,tourists,Tourists,12,84,4,16,124,False,False,light_combined,427
char__stable_hands,stable hands,Stable Hands,12,78,10,17,124,False,False,light_combined,428
char__armed_guardsmen,armed guardsmen,Armed Guardsmen,14,80,1,14,123,False,False,light_combined,429
char__zuric,zuric,Zuric,11,77,13,11,123,False,False,light_combined,430
char__master_wizard,master wizard,Master Wizard,11,75,14,14,122,False,False,light_combined,431
char__war_officer,war officer,War Officer,12,84,1,13,121,False,False,light_combined,432
char__eagle,eagle,Eagle,9,57,37,23,121,False,False,light_combined,433
char__there_is_the_lighthouse_keeper_on_his_daily_walk_up_the_boardwalk,there is the lighthouse keeper on his daily walk up the boardwalk,There Is The Lighthouse Keeper On His Daily Walk Up The Boardwalk,12,83,0,12,119,False,False,light_combined,434
char__runaway,runaway,Runaway,12,72,11,18,119,False,False,light_combined,435
char__king_s_guardsmen,king's guardsmen,King'S Guardsmen,13,77,2,15,118,False,False,light_combined,436
char__people_saved_by_the_paladinsa,people saved by the paladinsa,People Saved By The Paladinsa,12,82,0,12,118,False,False,light_combined,437
char__local_merchant,local merchant,Local Merchant,12,78,4,16,118,False,False,light_combined,438
char__leper,leper,Leper,11,72,13,14,118,False,False,light_combined,439
char__scholar,scholar,Scholar,11,62,23,23,118,False,False,light_combined,440
char__ghosts,ghosts,Ghosts,5,35,68,58,118,False,False,light_combined,441
char__unicorn_hunters,unicorn hunters,Unicorn Hunters,12,79,2,13,117,False,False,light_combined,442
char__choir_member,choir member,Choir Member,12,75,6,12,117,False,False,light_combined,443
char__founder,founder,Founder,12,74,7,13,117,False,False,light_combined,444
char__zombie,zombie,Zombie,9,63,27,20,117,False,False,light_combined,445
char__ghosts_of_previous_occupants,ghosts of previous occupants,Ghosts Of Previous Occupants,12,79,1,12,116,False,False,light_combined,446
char__organist,organist,Organist,11,77,6,14,116,False,False,light_combined,447
char__businessman,businessman,Businessman,11,76,7,12,116,False,False,light_combined,448
char__wizard_overseer,wizard overseer,Wizard Overseer,13,75,1,13,115,False,False,light_combined,449
char__man_sleeping_inside,man sleeping inside,Man Sleeping Inside,12,79,0,12,115,False,False,light_combined,450
char__stray_cat_sun_bathing,stray cat sun-bathing,Stray Cat Sun-Bathing,12,79,0,12,115,False,False,light_combined,451
char__architect,architect,Architect,8,56,35,27,115,False,False,light_combined,452
char__nobles,nobles,Nobles,7,42,52,54,115,False,False,light_combined,453
char__foxes,foxes,Foxes,4,28,75,45,115,False,False,light_combined,454
char__acolyte_preparing_for_evening_prayer_service,acolyte preparing for evening prayer service,Acolyte Preparing For Evening Prayer Service,12,78,0,12,114,False,False,light_combined,455
char__bigfoot,bigfoot,Bigfoot,11,71,10,11,114,False,False,light_combined,456
char__prior,prior,Prior,9,61,26,25,114,False,False,light_combined,457
char__staff,staff,Staff,4,23,79,57,114,False,False,light_combined,458
char__organ_player,organ player,Organ Player,12,76,1,12,113,False,False,light_combined,459
char__jungle,jungle,Jungle,2,14,93,57,113,False,False,light_combined,460
char__old_maniacal_man,old maniacal man,Old Maniacal Man,12,74,2,12,112,False,False,light_combined,461
char__her_maid,her maid,Her Maid,11,77,2,12,112,False,False,light_combined,462
char__reaper,reaper,Reaper,11,70,9,15,112,False,False,light_combined,463
char__homeless_man,homeless man,Homeless Man,11,67,12,20,112,False,False,light_combined,464
char__boat_workers,boat workers,Boat Workers,12,75,0,12,111,False,False,light_combined,465
char__cooker,cooker,Cooker,12,74,1,12,111,False,False,light_combined,466
char__humble_knight,humble knight,Humble Knight,12,74,1,12,111,False,False,light_combined,467
char__denizen,denizen,Denizen,11,77,1,12,111,False,False,light_combined,468
char__priest_in_ornate_robes,priest in ornate robes,Priest In Ornate Robes,11,77,0,11,110,False,False,light_combined,469
char__princess_who_lives_in_the_castle_and_can_t_escape,princess who lives in the castle and can't escape,Princess Who Lives In The Castle And Can'T Escape,11,77,0,11,110,False,False,light_combined,470
char__economist,economist,Economist,11,70,7,13,110,False,False,light_combined,471
char__advisor,advisor,Advisor,7,43,46,39,110,False,False,light_combined,472
char__bedroom,bedroom,Bedroom,4,28,70,62,110,False,False,light_combined,473
char__young_maiden,young maiden,Young Maiden,12,70,3,14,109,False,False,light_combined,474
char__debtor,debtor,Debtor,11,74,2,11,109,False,False,light_combined,475
char__jacob,jacob,Jacob,11,62,14,15,109,False,False,light_combined,476
char__lazy_insects,lazy insects,Lazy Insects,11,71,4,11,108,False,False,light_combined,477
char__towns_folk,towns folk,Towns Folk,11,68,7,15,108,False,False,light_combined,478
char__homeless_person,homeless person,Homeless Person,11,67,8,14,108,False,False,light_combined,479
char__traders,traders,Traders,10,67,11,20,108,False,False,light_combined,480
char__zombies,zombies,Zombies,9,56,25,23,108,False,False,light_combined,481
char__gaurd,gaurd,Gaurd,10,64,13,21,107,False,False,light_combined,482
char__evil_wizard,evil wizard,Evil Wizard,9,59,21,19,107,False,False,light_combined,483
char__character,character,Character,6,41,48,46,107,False,False,light_combined,484
char__well_off_business_man,well off business man,Well Off Business Man,11,72,1,12,106,False,False,light_combined,485
char__castaway,castaway,Castaway,11,71,2,11,106,False,False,light_combined,486
char__offender,offender,Offender,11,71,2,11,106,False,False,light_combined,487
char__many_insects,many insects,Many Insects,11,70,3,14,106,False,False,light_combined,488
char__artists,artists,Artists,10,64,12,18,106,False,False,light_combined,489
char__warden,warden,Warden,9,63,16,14,106,False,False,light_combined,490
char__king_himself,king himself,King Himself,7,44,41,47,106,False,False,light_combined,491
char__evil_priestess,evil priestess,Evil Priestess,11,67,5,13,105,False,False,light_combined,492
char__secret_lovers_seeking_privacy,secret lovers seeking privacy,Secret Lovers Seeking Privacy,11,71,0,11,104,False,False,light_combined,493
char__long_dead_monk,long dead monk,Long Dead Monk,11,70,1,11,104,False,False,light_combined,494
char__courtier,courtier,Courtier,11,67,4,13,104,False,False,light_combined,495
char__dark_king,dark king,Dark King,10,70,4,11,104,False,False,light_combined,496
char__farm_worker,farm worker,Farm Worker,10,70,4,12,104,False,False,light_combined,497
char__joel,joel,Joel,10,66,8,11,104,False,False,light_combined,498
char__vagabond,vagabond,Vagabond,10,60,14,17,104,False,False,light_combined,499
char__dark_lord,dark lord,Dark Lord,8,49,31,24,104,False,False,light_combined,500
char__although_the_temple_is_full_no_one_is_speaking_and_all_you_can_hear_are_muted_scuffling_feet,although the temple is full no one is speaking and all you can hear are muted scuffling feet,Although The Temple Is Full No One Is Speaking And All You Can Hear Are Muted Scuffling Feet,11,70,0,11,103,False,False,light_combined,501
char__scribe_constantly_writing,scribe constantly writing,Scribe Constantly Writing,11,70,0,11,103,False,False,light_combined,502
char__wyvern,wyvern,Wyvern,11,64,6,11,103,False,False,light_combined,503
char__individual,individual,Individual,10,51,22,31,103,False,False,light_combined,504
char__royal_prince,royal prince,Royal Prince,11,67,2,11,102,False,False,light_combined,505
char__foreign_ambassador,foreign ambassador,Foreign Ambassador,10,70,2,11,102,False,False,light_combined,506
char__electric_eel,electric eel,Electric Eel,10,66,6,13,102,False,False,light_combined,507
char__librarian,librarian,Librarian,10,63,9,14,102,False,False,light_combined,508
char__soldier_named_ulmer,soldier named ulmer,Soldier Named Ulmer,11,68,0,11,101,False,False,light_combined,509
char__giant_toads,giant toads,Giant Toads,11,67,1,11,101,False,False,light_combined,510
char__fox_trying_to_steal_chickens,fox trying to steal chickens,Fox Trying To Steal Chickens,11,67,0,11,100,False,False,light_combined,511
char__goblin_king_s_bartender,goblin king's bartender,Goblin King'S Bartender,10,70,0,10,100,False,False,light_combined,512
char__king_s_horses,king's horses,King'S Horses,10,70,0,10,100,False,False,light_combined,513
char__recently_tortured,recently tortured,Recently Tortured,10,70,0,10,100,False,False,light_combined,514
char__temple_members,temple members,Temple Members,10,70,0,10,100,False,False,light_combined,515
char__they_are_not_quite_outcast,they are not quite outcast,They Are Not Quite Outcast,10,70,0,10,100,False,False,light_combined,516
char__farmers_wife,farmers wife,Farmers Wife,10,69,1,11,100,False,False,light_combined,517
char__captain_of_the_guard,captain of the guard,Captain Of The Guard,9,63,10,17,100,False,False,light_combined,518
char__enchantress,enchantress,Enchantress,9,63,10,12,100,False,False,light_combined,519
char__dove,dove,Dove,8,56,20,16,100,False,False,light_combined,520
char__magician,magician,Magician,7,47,32,23,100,False,False,light_combined,521
char__traveling_salesmen_stopping_for_a_drink,traveling salesmen stopping for a drink,Traveling Salesmen Stopping For A Drink,11,66,0,11,99,False,False,light_combined,522
char__foreman_ordering_his_workers,foreman ordering his workers,Foreman Ordering His Workers,11,63,3,11,99,False,False,light_combined,523
char__supplicant,supplicant,Supplicant,10,63,6,12,99,False,False,light_combined,524
char__barbarian,barbarian,Barbarian,9,56,16,17,99,False,False,light_combined,525
char__evil_witch,evil witch,Evil Witch,8,50,25,27,99,False,False,light_combined,526
char__his_father,his father,His Father,7,44,34,37,99,False,False,light_combined,527
char__shark,shark,Shark,6,42,39,22,99,False,False,light_combined,528
char__goblins,goblins,Goblins,3,21,69,45,99,False,False,light_combined,529
char__nobel,nobel,Nobel,11,55,10,14,98,False,False,light_combined,530
char__pastry_chef,pastry chef,Pastry Chef,10,66,2,10,98,False,False,light_combined,531
char__assistant_chef,assistant chef,Assistant Chef,10,65,3,13,98,False,False,light_combined,532
char__midget,midget,Midget,10,64,4,10,98,False,False,light_combined,533
char__eunuch,eunuch,Eunuch,9,63,8,12,98,False,False,light_combined,534
char__brave_knight,brave knight,Brave Knight,9,49,22,28,98,False,False,light_combined,535
char__carpenter,carpenter,Carpenter,8,53,21,19,98,False,False,light_combined,536
char__chief,chief,Chief,3,21,68,45,98,False,False,light_combined,537
char__lector,lector,Lector,9,63,7,9,97,False,False,light_combined,538
char__wasp,wasp,Wasp,9,58,12,10,97,False,False,light_combined,539
char__yeti,yeti,Yeti,9,54,16,11,97,False,False,light_combined,540
char__goat_for_company_for_the_horses,goat for company for the horses,Goat For Company For The Horses,11,63,0,11,96,False,False,light_combined,541
char__his_horse,his horse,His Horse,9,63,6,15,96,False,False,light_combined,542
char__bacteria,bacteria,Bacteria,8,56,16,11,96,False,False,light_combined,543
char__guardsman,guardsman,Guardsman,8,53,19,23,96,False,False,light_combined,544
char__parrot,parrot,Parrot,8,43,29,17,96,False,False,light_combined,545
char__book_keeper,book keeper,Book Keeper,10,61,4,10,95,False,False,light_combined,546
char__agricultural_advisor,agricultural advisor,Agricultural Advisor,9,63,5,11,95,False,False,light_combined,547
char__firemen,firemen,Firemen,9,63,5,9,95,False,False,light_combined,548
char__royal_dog,royal dog,Royal Dog,9,63,5,11,95,False,False,light_combined,549
char__director,director,Director,9,52,16,13,95,False,False,light_combined,550
char__local_villagers,local villagers,Local Villagers,10,64,0,10,94,False,False,light_combined,551
char__wise_looking_turtle,wise-looking turtle,Wise-Looking Turtle,10,64,0,10,94,False,False,light_combined,552
char__tanner,tanner,Tanner,9,59,8,11,94,False,False,light_combined,553
char__woodpecker,woodpecker,Woodpecker,8,56,14,15,94,False,False,light_combined,554
char__family_members,family members,Family Members,7,49,24,27,94,False,False,light_combined,555
char__dragon_who_breathes_fire_and_won_t_let_her_out,dragon who breathes fire and won't let her out,Dragon Who Breathes Fire And Won'T Let Her Out,10,63,0,10,93,False,False,light_combined,556
char__exiled_person,exiled person,Exiled Person,10,63,0,10,93,False,False,light_combined,557
char__large_experienced_guard_with_a_grizzly_expression,large experienced guard with a grizzly expression,Large Experienced Guard With A Grizzly Expression,10,63,0,10,93,False,False,light_combined,558
char__nurse,nurse,Nurse,10,54,9,16,93,False,False,light_combined,559
char__chief_wife,chief wife,Chief Wife,9,63,3,9,93,False,False,light_combined,560
char__angels,angels,Angels,7,49,23,24,93,False,False,light_combined,561
char__young_student_reading_a_book_beneath_a_dogwood_tree,young student reading a book beneath a dogwood tree,Young Student Reading A Book Beneath A Dogwood Tree,10,62,0,10,92,False,False,light_combined,562
char__tax_agent,tax agent,Tax Agent,9,63,2,9,92,False,False,light_combined,563
char__party_goers,party goers,Party Goers,9,61,4,11,92,False,False,light_combined,564
char__most_evil_creature,most evil creature,Most Evil Creature,9,60,5,9,92,False,False,light_combined,565
char__wealthy_bookshop_owner,wealthy bookshop owner,Wealthy Bookshop Owner,11,58,0,11,91,False,False,light_combined,566
char__drunk_reeling_out_of_the_saloon,drunk reeling out of the saloon,Drunk Reeling Out Of The Saloon,10,61,0,10,91,False,False,light_combined,567
char__cleaning_maid,cleaning maid,Cleaning Maid,9,63,1,9,91,False,False,light_combined,568
char__descendant_of_the_sons,descendant of the sons,Descendant Of The Sons,9,63,1,9,91,False,False,light_combined,569
char__kings_bodyguard,kings bodyguard,Kings Bodyguard,9,63,1,9,91,False,False,light_combined,570
char__sword_makers,sword makers,Sword Makers,9,63,1,9,91,False,False,light_combined,571
char__usher,usher,Usher,9,60,4,11,91,False,False,light_combined,572
char__jailer,jailer,Jailer,9,58,6,11,91,False,False,light_combined,573
char__grave_digger,grave digger,Grave Digger,9,51,13,12,91,False,False,light_combined,574
char__trader_s_wife_that_traveled_with_him,trader's wife that traveled with him,Trader'S Wife That Traveled With Him,10,60,0,10,90,False,False,light_combined,575
char__large_spider_high_in_one_corner,large spider high in one corner,Large Spider High In One Corner,9,63,0,9,90,False,False,light_combined,576
char__people_in_the_observatory,people in the observatory,People In The Observatory,9,63,0,9,90,False,False,light_combined,577
char__small_foxes_who_have_made_the_ice_cave_their_home,small foxes who have made the ice cave their home,Small Foxes Who Have Made The Ice Cave Their Home,9,63,0,9,90,False,False,light_combined,578
char__soldier_named_zinney,soldier named zinney,Soldier Named Zinney,9,63,0,9,90,False,False,light_combined,579
char__spider_spins_its_web_in_the_pew_corner,spider spins its web in the pew corner,Spider Spins Its Web In The Pew Corner,9,63,0,9,90,False,False,light_combined,580
char__person_of_the_wood,person of the wood,Person Of The Wood,9,61,2,9,90,False,False,light_combined,581
char__waitress,waitress,Waitress,9,56,7,10,90,False,False,light_combined,582
char__snakes_slithering_around_the_cavern,snakes slithering around the cavern,Snakes Slithering Around The Cavern,9,62,0,9,89,False,False,light_combined,583
char__lady_of_the_court,lady of the court,Lady Of The Court,9,58,4,10,89,False,False,light_combined,584
char__spelunker,spelunker,Spelunker,9,56,6,9,89,False,False,light_combined,585
char__hangman,hangman,Hangman,8,55,10,9,89,False,False,light_combined,586
char__deckhand,deckhand,Deckhand,9,57,4,10,88,False,False,light_combined,587
char__stray_dogs,stray dogs,Stray Dogs,9,57,4,13,88,False,False,light_combined,588
char__knights_in_training,knights in training,Knights In Training,9,60,0,9,87,False,False,light_combined,589
char__wall_repairman,wall repairman,Wall Repairman,9,60,0,9,87,False,False,light_combined,590
char__maintenance_person,maintenance person,Maintenance Person,9,58,2,9,87,False,False,light_combined,591
char__eel,eel,Eel,5,35,37,19,87,False,False,light_combined,592
char__small_aggressive_looking_dog,small aggressive-looking dog,Small Aggressive-Looking Dog,9,59,0,9,86,False,False,light_combined,593
char__lady_of_the_house,lady of the house,Lady Of The House,9,56,3,12,86,False,False,light_combined,594
char__ugly_toad,ugly toad,Ugly Toad,8,56,6,8,86,False,False,light_combined,595
char__scorpions,scorpions,Scorpions,7,49,16,15,86,False,False,light_combined,596
char__fighter,fighter,Fighter,6,37,31,32,86,False,False,light_combined,597
char__chained_cat,chained cat,Chained Cat,10,55,0,10,85,False,False,light_combined,598
char__one_unicorn,one unicorn,One Unicorn,10,54,1,11,85,False,False,light_combined,599
char__curious_boy,curious boy,Curious Boy,9,58,0,9,85,False,False,light_combined,600
char__farmer_bob_s_wife,farmer bob's wife,Farmer Bob'S Wife,9,58,0,9,85,False,False,light_combined,601
char__fat_rats,fat rats,Fat Rats,9,57,1,10,85,False,False,light_combined,602
char__skeletons,skeletons,Skeletons,4,28,45,43,85,False,False,light_combined,603
char__scullery_boy,scullery boy,Scullery Boy,9,56,1,9,84,False,False,light_combined,604
char__dungeon_master,dungeon master,Dungeon Master,9,53,4,11,84,False,False,light_combined,605
char__scullery_maid,scullery maid,Scullery Maid,9,53,4,13,84,False,False,light_combined,606
char__troop,troop,Troop,9,52,5,12,84,False,False,light_combined,607
char__wild_boar,wild boar,Wild Boar,8,53,7,14,84,False,False,light_combined,608
char__care_taker,care taker,Care Taker,8,56,3,8,83,False,False,light_combined,609
char__groom_of_the_stool,groom of the stool,Groom Of The Stool,8,56,3,8,83,False,False,light_combined,610
char__occupant,occupant,Occupant,8,56,3,10,83,False,False,light_combined,611
char__fighters,fighters,Fighters,8,49,10,16,83,False,False,light_combined,612
char__maester,maester,Maester,8,49,10,10,83,False,False,light_combined,613
char__mystical_dragon,mystical dragon,Mystical Dragon,9,54,1,9,82,False,False,light_combined,614
char__sad_woman,sad woman,Sad Woman,8,56,2,8,82,False,False,light_combined,615
char__shop_keeper,shop keeper,Shop Keeper,8,56,2,9,82,False,False,light_combined,616
char__baby_dragon,baby dragon,Baby Dragon,8,53,5,9,82,False,False,light_combined,617
char__hawk,hawk,Hawk,8,44,14,11,82,False,False,light_combined,618
char__apothecary,apothecary,Apothecary,5,29,38,26,82,False,False,light_combined,619
char__wise_woman,wise woman,Wise Woman,9,46,8,11,81,False,False,light_combined,620
char__large_spiders,large spiders,Large Spiders,8,56,1,9,81,False,False,light_combined,621
char__organism,organism,Organism,8,50,7,9,81,False,False,light_combined,622
char__his_wolf_companion_always_at_his_side,his wolf companion always at his side,His Wolf Companion Always At His Side,9,53,0,9,80,False,False,light_combined,623
char__elderly_man,elderly man,Elderly Man,8,56,0,8,80,False,False,light_combined,624
char__lady_of_the_house_coming_to_greet_you,lady of the house coming to greet you,Lady Of The House Coming To Greet You,8,56,0,8,80,False,False,light_combined,625
char__religious_clerk,religious clerk,Religious Clerk,8,56,0,8,80,False,False,light_combined,626
char__sneaky_thief,sneaky thief,Sneaky Thief,8,53,3,10,80,False,False,light_combined,627
char__masons,masons,Masons,8,49,7,12,80,False,False,light_combined,628
char__smith,smith,Smith,5,29,36,27,80,False,False,light_combined,629
char__gravedigger_doing_his_work,gravedigger doing his work,Gravedigger Doing His Work,9,52,0,9,79,False,False,light_combined,630
char__high_priest_reading_an_arcane_book,high priest reading an arcane book,High Priest Reading An Arcane Book,9,52,0,9,79,False,False,light_combined,631
char__some_kind_of_police,some kind of police,Some Kind Of Police,8,55,0,8,79,False,False,light_combined,632
char__squire_still_keeping_everything_sharp,squire still keeping everything sharp,Squire Still Keeping Everything Sharp,8,55,0,8,79,False,False,light_combined,633
char__pet_goldfish,pet goldfish,Pet Goldfish,8,54,1,9,79,False,False,light_combined,634
char__hoakbera,hoakbera,Hoakbera,8,49,6,8,79,False,False,light_combined,635
char__hummingbird,hummingbird,Hummingbird,7,49,9,9,79,False,False,light_combined,636
char__wildlife,wildlife,Wildlife,5,35,29,28,79,False,False,light_combined,637
char__grim_reaper,grim reaper,Grim Reaper,8,52,2,9,78,False,False,light_combined,638
char__court_wizard,court wizard,Court Wizard,8,49,5,12,78,False,False,light_combined,639
char__watcher,watcher,Watcher,8,44,10,12,78,False,False,light_combined,640
char__foreigner,foreigner,Foreigner,7,49,8,11,78,False,False,light_combined,641
char__reindeer,reindeer,Reindeer,7,44,13,11,78,False,False,light_combined,642
char__beetle,beetle,Beetle,5,35,28,18,78,False,False,light_combined,643
char__caveman,caveman,Caveman,9,41,9,11,77,False,False,light_combined,644
char__boatswain,boatswain,Boatswain,8,50,3,8,77,False,False,light_combined,645
char__magical_elf,magical elf,Magical Elf,8,50,3,8,77,False,False,light_combined,646
char__pet_dog,pet dog,Pet Dog,8,49,4,12,77,False,False,light_combined,647
char__veteran,veteran,Veteran,7,46,10,12,77,False,False,light_combined,648
char__loved_one,loved one,Loved One,6,42,17,20,77,False,False,light_combined,649
char__royal_guard,royal guard,Royal Guard,4,27,38,37,77,False,False,light_combined,650
char__chilling_wind_or_voice,chilling wind or voice,Chilling Wind Or Voice,9,49,0,9,76,False,False,light_combined,651
char__person_who_adventured_the_cave_but_has_been_injured_and_is_awaiting_either_a_rescuer_or_death,person who adventured the cave but has been injured and is awaiting either a rescuer or death,Person Who Adventured The Cave But Has Been Injured And Is Awaiting Either A Rescuer Or Death,8,52,0,8,76,False,False,light_combined,652
char__old_men,old men,Old Men,8,50,2,10,76,False,False,light_combined,653
char__waiter,waiter,Waiter,8,50,2,8,76,False,False,light_combined,654
char__tribe_chief,tribe chief,Tribe Chief,8,49,3,8,76,False,False,light_combined,655
char__baby_shower,baby shower,Baby Shower,7,47,8,7,76,False,False,light_combined,656
char__dignitary,dignitary,Dignitary,7,42,13,10,76,False,False,light_combined,657
char__mosquito,mosquito,Mosquito,6,42,16,18,76,False,False,light_combined,658
char__artist,artist,Artist,4,28,36,35,76,False,False,light_combined,659
char__merchant_who_sells_his_goods_at_the_most_popular_area_around,merchant who sells his goods at the most popular area around,Merchant Who Sells His Goods At The Most Popular Area Around,8,51,0,8,75,False,False,light_combined,660
char__wizard_of_the_town,wizard of the town,Wizard Of The Town,8,51,0,8,75,False,False,light_combined,661
char__diseased_distempered_dog,diseased distempered dog,Diseased Distempered Dog,8,50,1,8,75,False,False,light_combined,662
char__enigmatic_wizard,enigmatic wizard,Enigmatic Wizard,8,50,1,8,75,False,False,light_combined,663
char__local_artist,local artist,Local Artist,8,50,1,8,75,False,False,light_combined,664
char__treasure_seekers,treasure seekers,Treasure Seekers,8,48,3,10,75,False,False,light_combined,665
char__king_s_son,king's son,King'S Son,7,49,5,9,75,False,False,light_combined,666
char__jesters,jesters,Jesters,6,29,28,24,75,False,False,light_combined,667
char__staircase,staircase,Staircase,5,22,38,27,75,False,False,light_combined,668
char__amphibian,amphibian,Amphibian,7,49,4,9,74,False,False,light_combined,669
char__gamekeeper,gamekeeper,Gamekeeper,7,49,4,7,74,False,False,light_combined,670
char__large_spider,large spider,Large Spider,7,49,4,8,74,False,False,light_combined,671
char__shipwright,shipwright,Shipwright,10,40,3,10,73,False,False,light_combined,672
char__bazaar_owner,bazaar owner,Bazaar Owner,9,45,1,10,73,False,False,light_combined,673
char__god_of_their_pagan_religion,god of their pagan religion,God Of Their Pagan Religion,8,49,0,8,73,False,False,light_combined,674
char__tern,tern,Tern,8,48,1,8,73,False,False,light_combined,675
char__bighorn_sheep,bighorn sheep,Bighorn Sheep,7,49,3,8,73,False,False,light_combined,676
char__veterinarian,veterinarian,Veterinarian,7,49,3,10,73,False,False,light_combined,677
char__gecko,gecko,Gecko,7,43,9,8,73,False,False,light_combined,678
char__grazing_milk_cow_in_the_background,grazing milk cow in the background,Grazing Milk Cow In The Background,9,45,0,9,72,False,False,light_combined,679
char__garter_snake,garter snake,Garter Snake,7,49,2,9,72,False,False,light_combined,680
char__woodland_spirits,woodland spirits,Woodland Spirits,7,47,4,8,72,False,False,light_combined,681
char__big_sheep_like_brown_dog,big sheep-like brown dog,Big Sheep-Like Brown Dog,8,47,0,8,71,False,False,light_combined,682
char__pet_cat,pet cat,Pet Cat,8,47,0,8,71,False,False,light_combined,683
char__surface_dweller,surface dweller,Surface Dweller,7,49,1,7,71,False,False,light_combined,684
char__manservant,manservant,Manservant,7,44,6,9,71,False,False,light_combined,685
char__survivors,survivors,Survivors,7,44,6,12,71,False,False,light_combined,686
char__otter,otter,Otter,6,42,11,7,71,False,False,light_combined,687
char__albino_fish_totally_blind_swims_in_a_tiny_pool,albino fish totally blind swims in a tiny pool,Albino Fish Totally Blind Swims In A Tiny Pool,8,46,0,8,70,False,False,light_combined,688
char__bloodied_prisoner,bloodied prisoner,Bloodied Prisoner,8,46,0,8,70,False,False,light_combined,689
char__knight_in_shining_armor,knight in shining armor,Knight In Shining Armor,8,46,0,8,70,False,False,light_combined,690
char__child_lost_from_his_mother,child lost from his mother,Child Lost From His Mother,7,49,0,7,70,False,False,light_combined,691
char__cowardly_guard_nervously_awaiting_an_attack,cowardly guard nervously awaiting an attack,Cowardly Guard Nervously Awaiting An Attack,7,49,0,7,70,False,False,light_combined,692
char__graveyard_keeper_who_lives_across_the_yard,graveyard keeper who lives across the yard,Graveyard Keeper Who Lives Across The Yard,7,49,0,7,70,False,False,light_combined,693
char__lady_in_a_white_decadent_dress,lady in a white decadent dress,Lady In A White Decadent Dress,7,49,0,7,70,False,False,light_combined,694
char__stable_boy_rushing_in_to_alert_the_knight,stable boy rushing in to alert the knight,Stable Boy Rushing In To Alert The Knight,7,49,0,7,70,False,False,light_combined,695
char__mountain_lion,mountain lion,Mountain Lion,7,45,4,8,70,False,False,light_combined,696
char__fellow_traveler,fellow traveler,Fellow Traveler,7,43,6,11,70,False,False,light_combined,697
char__cricket,cricket,Cricket,7,37,12,13,70,False,False,light_combined,698
char__toad,toad,Toad,1,7,60,34,70,False,False,light_combined,699
char__dockworker,dockworker,Dockworker,7,47,1,7,69,False,False,light_combined,700
char__torture_assistant,torture assistant,Torture Assistant,7,47,1,7,69,False,False,light_combined,701
char__juror,juror,Juror,6,42,9,7,69,False,False,light_combined,702
char__blacksmiths,blacksmiths,Blacksmiths,5,33,21,23,69,False,False,light_combined,703
char__squirrels,squirrels,Squirrels,4,15,42,32,69,False,False,light_combined,704
char__king_s_trusted_adviser,king's trusted adviser,King'S Trusted Adviser,8,44,0,8,68,False,False,light_combined,705
char__inn_keeper,inn keeper,Inn Keeper,7,42,5,10,68,False,False,light_combined,706
char__admiral,admiral,Admiral,6,42,8,7,68,False,False,light_combined,707
char__her_husband,her husband,Her Husband,5,35,18,19,68,False,False,light_combined,708
char__blind_knight_holding_a_sword,blind knight holding a sword,Blind Knight Holding A Sword,7,46,0,7,67,False,False,light_combined,709
char__madam_and_her_girls,madam and her girls,Madam And Her Girls,7,46,0,7,67,False,False,light_combined,710
char__mightiest_warriors,mightiest warriors,Mightiest Warriors,7,45,1,7,67,False,False,light_combined,711
char__mysterious_merchant,mysterious merchant,Mysterious Merchant,7,45,1,8,67,False,False,light_combined,712
char__horseflies,horseflies,Horseflies,7,43,3,8,67,False,False,light_combined,713
char__chameleon,chameleon,Chameleon,7,42,4,8,67,False,False,light_combined,714
char__wizard_s_assistant,wizard's assistant,Wizard'S Assistant,7,41,5,8,67,False,False,light_combined,715
char__marksman,marksman,Marksman,7,38,8,11,67,False,False,light_combined,716
char__formal,formal,Formal,6,42,7,13,67,False,False,light_combined,717
char__vagrant,vagrant,Vagrant,6,42,7,10,67,False,False,light_combined,718
char__toucan,toucan,Toucan,6,40,9,7,67,False,False,light_combined,719
char__chamber_maid,chamber maid,Chamber Maid,6,39,10,12,67,False,False,light_combined,720
char__lone_captain,lone captain,Lone Captain,8,41,1,8,66,False,False,light_combined,721
char__policeman_walking_a_beat,policeman walking a beat,Policeman Walking A Beat,7,45,0,7,66,False,False,light_combined,722
char__pond_visitor,pond visitor,Pond Visitor,7,45,0,7,66,False,False,light_combined,723
char__rabid_rat,rabid rat,Rabid Rat,7,43,2,8,66,False,False,light_combined,724
char__guy_with_the_key_when_he_lets_in_the_king,guy with the key when he lets in the king,Guy With The Key When He Lets In The King,7,44,0,7,65,False,False,light_combined,725
char__vigilant_guard,vigilant guard,Vigilant Guard,7,43,1,7,65,False,False,light_combined,726
char__widow,widow,Widow,6,33,14,18,65,False,False,light_combined,727
char__bee,bee,Bee,6,29,18,14,65,False,False,light_combined,728
char__rival,rival,Rival,5,27,23,23,65,False,False,light_combined,729
char__king_checking_in_on_his_outpost,king checking in on his outpost,King Checking In On His Outpost,7,43,0,7,64,False,False,light_combined,730
char__master_of_ceremonies,master of ceremonies,Master Of Ceremonies,7,40,3,8,64,False,False,light_combined,731
char__golem,golem,Golem,4,27,25,12,64,False,False,light_combined,732
char__king_consort,king consort,King Consort,7,42,0,7,63,False,False,light_combined,733
char__camper,camper,Camper,6,42,3,6,63,False,False,light_combined,734
char__missionary,missionary,Missionary,6,42,3,7,63,False,False,light_combined,735
char__pet_bird,pet bird,Pet Bird,6,41,4,9,63,False,False,light_combined,736
char__bedbug,bedbug,Bedbug,6,39,6,7,63,False,False,light_combined,737
char__straw,straw,Straw,4,24,27,15,63,False,False,light_combined,738
char__chiefs,chiefs,Chiefs,6,42,2,8,62,False,False,light_combined,739
char__stinging_scorpion,stinging scorpion,Stinging Scorpion,6,42,2,7,62,False,False,light_combined,740
char__swamp_monster,swamp monster,Swamp Monster,6,42,2,6,62,False,False,light_combined,741
char__choirboy,choirboy,Choirboy,6,41,3,8,62,False,False,light_combined,742
char__field_mice,field mice,Field Mice,6,39,5,9,62,False,False,light_combined,743
char__lands_lord,lands lord,Lands Lord,7,40,0,7,61,False,False,light_combined,744
char__dinner_guests,dinner guests,Dinner Guests,6,42,1,7,61,False,False,light_combined,745
char__favored_knight,favored knight,Favored Knight,6,42,1,6,61,False,False,light_combined,746
char__lord_and_controller,lord and controller,Lord And Controller,6,42,1,6,61,False,False,light_combined,747
char__saber_tooth_tiger,saber tooth tiger,Saber Tooth Tiger,6,42,1,6,61,False,False,light_combined,748
char__bivalve,bivalve,Bivalve,6,36,7,6,61,False,False,light_combined,749
char__alien,alien,Alien,7,37,2,8,60,False,False,light_combined,750
char__goldfinch,goldfinch,Goldfinch,7,37,2,7,60,False,False,light_combined,751
char__fierce_assassin,fierce assassin,Fierce Assassin,6,42,0,6,60,False,False,light_combined,752
char__former_resident_who_has_escaped_whatever_fate_befell_his_people_and_has_returned_home_to_look_for_other_survivors,former resident who has escaped whatever fate befell his people and has returned home to look for other survivors,Former Resident Who Has Escaped Whatever Fate Befell His People And Has Returned Home To Look For Other Survivors,6,42,0,6,60,False,False,light_combined,753
char__horse_caretaker_trainer,horse caretaker trainer,Horse Caretaker Trainer,6,42,0,6,60,False,False,light_combined,754
char__king_s_mother_who_sits_at_their_side,king's mother who sits at their side,King'S Mother Who Sits At Their Side,6,42,0,6,60,False,False,light_combined,755
char__large_black_vulture,large black vulture,Large Black Vulture,6,42,0,6,60,False,False,light_combined,756
char__woman_walking_the_beach,woman walking the beach,Woman Walking The Beach,6,42,0,6,60,False,False,light_combined,757
char__woolly_mammoth,woolly mammoth,Woolly Mammoth,6,42,0,6,60,False,False,light_combined,758
char__young_boy_who_is_a_deck_hand,young boy who is a deck hand,Young Boy Who Is A Deck Hand,6,42,0,6,60,False,False,light_combined,759
char__murderers,murderers,Murderers,6,36,6,12,60,False,False,light_combined,760
char__choir_room,choir room,Choir Room,5,35,10,14,60,False,False,light_combined,761
char__young_girl,young girl,Young Girl,5,35,10,14,60,False,False,light_combined,762
char__waiting_priest,waiting priest,Waiting Priest,7,38,0,7,59,False,False,light_combined,763
char__masked_torturer,masked torturer,Masked Torturer,7,37,1,8,59,False,False,light_combined,764
char__jacob_s_son,jacob's son,Jacob'S Son,6,37,4,6,59,False,False,light_combined,765
char__geese,geese,Geese,5,35,9,9,59,False,False,light_combined,766
char__stray_cat,stray cat,Stray Cat,6,36,4,8,58,False,False,light_combined,767
char__peacock,peacock,Peacock,5,35,8,8,58,False,False,light_combined,768
char__janitor,janitor,Janitor,5,35,7,8,57,False,False,light_combined,769
char__other_travelers_coming_to_see_the_geothermal_valley,other travelers coming to see the geothermal valley,Other Travelers Coming To See The Geothermal Valley,6,38,0,6,56,False,False,light_combined,770
char__poet_who_recites_his_best_work,poet who recites his best work,Poet Who Recites His Best Work,6,38,0,6,56,False,False,light_combined,771
char__rat_feasting_on_leftovers,rat feasting on leftovers,Rat Feasting On Leftovers,6,38,0,6,56,False,False,light_combined,772
char__town_jester,town jester,Town Jester,6,36,2,6,56,False,False,light_combined,773
char__large_creature,large creature,Large Creature,6,35,3,8,56,False,False,light_combined,774
char__loving_wife,loving wife,Loving Wife,6,35,3,8,56,False,False,light_combined,775
char__groundskeepers,groundskeepers,Groundskeepers,6,37,0,6,55,False,False,light_combined,776
char__large_beast,large beast,Large Beast,5,35,5,8,55,False,False,light_combined,777
char__scantily_clad_virgins,scantily clad virgins,Scantily Clad Virgins,5,35,5,6,55,False,False,light_combined,778
char__water_nymph,water nymph,Water Nymph,5,35,5,6,55,False,False,light_combined,779
char__groundskeeper_who_keeps_the_field_clean_and_the_grass_trimmed_for_the_archers_who_train,groundskeeper who keeps the field clean and the grass trimmed for the archers who train,Groundskeeper Who Keeps The Field Clean And The Grass Trimmed For The Archers Who Train,6,36,0,6,54,False,False,light_combined,780
char__ghost_of_a_miner,ghost of a miner,Ghost Of A Miner,6,35,1,7,54,False,False,light_combined,781
char__treasure_hunter,treasure hunter,Treasure Hunter,6,34,2,7,54,False,False,light_combined,782
char__infant,infant,Infant,5,35,4,6,54,False,False,light_combined,783
char__milk_man,milk man,Milk Man,5,28,11,8,54,False,False,light_combined,784
char__monarch,monarch,Monarch,4,28,14,17,54,False,False,light_combined,785
char__guards_assigned_to_defend_the_abandoned_looking_camp,guards assigned to defend the abandoned looking camp,Guards Assigned To Defend The Abandoned Looking Camp,6,35,0,6,53,False,False,light_combined,786
char__knight_captain_or_general_that_may_oversee_the_guards,knight captain or general that may oversee the guards,Knight Captain Or General That May Oversee The Guards,6,35,0,6,53,False,False,light_combined,787
char__old_one_eyed_owl,old one-eyed owl,Old One-Eyed Owl,6,35,0,6,53,False,False,light_combined,788
char__priest_s_mistress,priest's mistress,Priest'S Mistress,6,35,0,6,53,False,False,light_combined,789
char__troll_s_spouse,troll's spouse,Troll'S Spouse,6,35,0,6,53,False,False,light_combined,790
char__trilobite,trilobite,Trilobite,5,35,3,5,53,False,False,light_combined,791
char__adulterer,adulterer,Adulterer,5,31,7,9,53,False,False,light_combined,792
char__powerful_but_aged_wizard,powerful but aged wizard,Powerful But Aged Wizard,6,34,0,6,52,False,False,light_combined,793
char__master_at_arms,master at arms,Master At Arms,6,31,3,7,52,False,False,light_combined,794
char__cavalry,cavalry,Cavalry,5,35,2,6,52,False,False,light_combined,795
char__friend_of_the_princess,friend of the princess,Friend Of The Princess,5,35,2,5,52,False,False,light_combined,796
char__rabid_wolf,rabid wolf,Rabid Wolf,5,35,2,6,52,False,False,light_combined,797
char__unicorn_groomer,unicorn groomer,Unicorn Groomer,5,35,2,5,52,False,False,light_combined,798
char__cleric,cleric,Cleric,4,28,12,10,52,False,False,light_combined,799
char__gator,gator,Gator,4,28,12,8,52,False,False,light_combined,800
char__maggot,maggot,Maggot,4,28,12,9,52,False,False,light_combined,801
char__audience_member,audience member,Audience Member,6,32,1,6,51,False,False,light_combined,802
char__sell_swords,sell swords,Sell Swords,6,31,2,8,51,False,False,light_combined,803
char__curiosity_seekers,curiosity seekers,Curiosity Seekers,5,35,1,5,51,False,False,light_combined,804
char__diver,diver,Diver,5,35,1,5,51,False,False,light_combined,805
char__town_official,town official,Town Official,5,35,1,6,51,False,False,light_combined,806
char__barkeep,barkeep,Barkeep,4,28,11,13,51,False,False,light_combined,807
char__genie_from_a_lamp,genie from a lamp,Genie From A Lamp,6,32,0,6,50,False,False,light_combined,808
char__queen_s_subject,queen's subject,Queen'S Subject,6,32,0,6,50,False,False,light_combined,809
char__animal_such_as_a_cat,animal such as a cat,Animal Such As A Cat,5,35,0,5,50,False,False,light_combined,810
char__lord_chamberlain,lord chamberlain,Lord Chamberlain,5,35,0,5,50,False,False,light_combined,811
char__maester_who_helps_keep_the_documents_in_order,maester who helps keep the documents in order,Maester Who Helps Keep The Documents In Order,5,35,0,5,50,False,False,light_combined,812
char__town_game_warden,town game warden,Town Game Warden,5,35,0,5,50,False,False,light_combined,813
char__fletchers,fletchers,Fletchers,5,34,1,5,50,False,False,light_combined,814
char__ghouls,ghouls,Ghouls,5,32,3,7,50,False,False,light_combined,815
char__boat_captain,boat captain,Boat Captain,5,31,4,7,50,False,False,light_combined,816
char__merperson,merperson,Merperson,5,29,6,5,50,False,False,light_combined,817
char__dolphin,dolphin,Dolphin,4,22,16,12,50,False,False,light_combined,818
char__lazy_snake,lazy snake,Lazy Snake,6,29,1,6,48,False,False,light_combined,819
char__praying_mantis,praying mantis,Praying Mantis,5,26,7,7,48,False,False,light_combined,820
char__entertainer,entertainer,Entertainer,5,24,9,13,48,False,False,light_combined,821
char__his_queen,his queen,His Queen,4,28,8,12,48,False,False,light_combined,822
char__village_youth,village youth,Village Youth,5,32,0,5,47,False,False,light_combined,823
char__council_man,council man,Council Man,5,30,2,6,47,False,False,light_combined,824
char__king_s_brother,king's brother,King'S Brother,5,29,3,8,47,False,False,light_combined,825
char__attendant,attendant,Attendant,4,28,7,9,47,False,False,light_combined,826
char__person_on_a_pilgrimage,person on a pilgrimage,Person On A Pilgrimage,5,31,0,5,46,False,False,light_combined,827
char__civilian,civilian,Civilian,4,28,6,8,46,False,False,light_combined,828
char__butt,butt,Butt,3,21,16,15,46,False,False,light_combined,829
char__hero,hero,Hero,1,7,36,29,46,False,False,light_combined,830
char__king_s_dog,king's dog,King'S Dog,5,30,0,5,45,False,False,light_combined,831
char__town_baker_s_husband,town baker's husband,Town Baker'S Husband,5,29,1,5,45,False,False,light_combined,832
char__bar_host,bar host,Bar Host,5,28,2,5,45,False,False,light_combined,833
char__manikin,manikin,Manikin,4,28,5,5,45,False,False,light_combined,834
char__talking_crab,talking crab,Talking Crab,4,28,5,7,45,False,False,light_combined,835
char__king_s_guard,king's guard,King'S Guard,2,7,32,31,45,False,False,light_combined,836
char__poor_subsistence_farmer,poor subsistence farmer,Poor Subsistence Farmer,5,29,0,5,44,False,False,light_combined,837
char__rival_jeweler,rival jeweler,Rival Jeweler,5,29,0,5,44,False,False,light_combined,838
char__royal_jester,royal jester,Royal Jester,4,28,4,7,44,False,False,light_combined,839
char__village_chief,village chief,Village Chief,4,28,4,6,44,False,False,light_combined,840
char__giant_spider,giant spider,Giant Spider,4,26,6,6,44,False,False,light_combined,841
char__dragonfly,dragonfly,Dragonfly,4,25,7,8,44,False,False,light_combined,842
char__gardener_pulling_weeds,gardener pulling weeds,Gardener Pulling Weeds,5,28,0,5,43,False,False,light_combined,843
char__high_sorceress,high sorceress,High Sorceress,5,28,0,5,43,False,False,light_combined,844
char__repentant_person,repentant person,Repentant Person,5,28,0,5,43,False,False,light_combined,845
char__prison_guard,prison guard,Prison Guard,4,28,2,6,42,False,False,light_combined,846
char__patient,patient,Patient,2,10,26,26,42,False,False,light_combined,847
char__large_eel,large eel,Large Eel,4,28,1,4,41,False,False,light_combined,848
char__pit_guardian,pit guardian,Pit Guardian,4,28,1,4,41,False,False,light_combined,849
char__scullions,scullions,Scullions,4,28,1,4,41,False,False,light_combined,850
char__sword_maker,sword-maker,Sword-Maker,4,28,1,4,41,False,False,light_combined,851
char__troubadours,troubadours,Troubadours,4,28,1,5,41,False,False,light_combined,852
char__another_prisoner,another prisoner,Another Prisoner,5,24,1,6,40,False,False,light_combined,853
char__abbess,abbess,Abbess,4,28,0,4,40,False,False,light_combined,854
char__beautiful_calico_cat_napping_beside_the_coat_rack,beautiful calico cat napping beside the coat rack,Beautiful Calico Cat Napping Beside The Coat Rack,4,28,0,4,40,False,False,light_combined,855
char__demonic_hound,demonic hound,Demonic Hound,4,28,0,4,40,False,False,light_combined,856
char__dragon_rider,dragon rider,Dragon Rider,4,28,0,4,40,False,False,light_combined,857
char__eccentric_astronomer_who_lives_in_the_tower,eccentric astronomer who lives in the tower,Eccentric Astronomer Who Lives In The Tower,4,28,0,4,40,False,False,light_combined,858
char__enemy_king,enemy king,Enemy King,4,28,0,4,40,False,False,light_combined,859
char__give_the_form_of_only_the_word,give the form of only the word,Give The Form Of Only The Word,4,28,0,4,40,False,False,light_combined,860
char__laborsmen,laborsmen,Laborsmen,4,28,0,4,40,False,False,light_combined,861
char__large_mosquito,large mosquito,Large Mosquito,4,28,0,4,40,False,False,light_combined,862
char__shape_shifting_cat,shape-shifting cat,Shape-Shifting Cat,4,28,0,4,40,False,False,light_combined,863
char__skeleton_assistant,skeleton assistant,Skeleton Assistant,4,28,0,4,40,False,False,light_combined,864
char__tour_guides,tour guides,Tour Guides,4,28,0,4,40,False,False,light_combined,865
char__turtle_can_t_escape_fast_enough_to_avoid_being_eaten,turtle can't escape fast enough to avoid being eaten,Turtle Can'T Escape Fast Enough To Avoid Being Eaten,4,28,0,4,40,False,False,light_combined,866
char__woman_gathering_supplies,woman gathering supplies,Woman Gathering Supplies,4,28,0,4,40,False,False,light_combined,867
char__cut_throat,cut throat,Cut Throat,4,26,2,5,40,False,False,light_combined,868
char__black_stray_cat,black stray cat,Black Stray Cat,4,27,0,4,39,False,False,light_combined,869
char__half_wild_cat_chasing_away_mice,half-wild cat chasing away mice,Half-Wild Cat Chasing Away Mice,4,27,0,4,39,False,False,light_combined,870
char__poorer_citizens_of_the_empire,poorer citizens of the empire,Poorer Citizens Of The Empire,4,27,0,4,39,False,False,light_combined,871
char__lady_of_the_hour,lady of the hour,Lady Of The Hour,4,25,2,6,39,False,False,light_combined,872
char__hobbit,hobbit,Hobbit,4,21,6,5,39,False,False,light_combined,873
char__friend_of_farmer,friend of farmer,Friend Of Farmer,4,25,0,5,37,False,False,light_combined,874
char__napping_mouse,napping mouse,Napping Mouse,4,25,0,4,37,False,False,light_combined,875
char__stable_caretaker,stable caretaker,Stable Caretaker,4,25,0,4,37,False,False,light_combined,876
char__drunks,drunks,Drunks,3,21,7,8,37,False,False,light_combined,877
char__teachers,teachers,Teachers,3,21,7,9,37,False,False,light_combined,878
char__churchgoer,churchgoer,Churchgoer,4,23,1,5,36,False,False,light_combined,879
char__spirits_of_our_ancestors,spirits of our ancestors,Spirits Of Our Ancestors,4,22,2,5,36,False,False,light_combined,880
char__undead_warrior,undead warrior,Undead Warrior,3,21,6,6,36,False,False,light_combined,881
char__men_and_women_working,men and women working,Men And Women Working,4,23,0,4,35,False,False,light_combined,882
char__farm_hand,farm hand,Farm Hand,3,21,4,6,34,False,False,light_combined,883
char__lumberjack,lumberjack,Lumberjack,3,21,4,6,34,False,False,light_combined,884
char__pit_hound,pit hound,Pit Hound,4,21,0,4,33,False,False,light_combined,885
char__prisoner_of_the_troll,prisoner of the troll,Prisoner Of The Troll,4,21,0,4,33,False,False,light_combined,886
char__ice_king,ice king,Ice King,3,21,2,3,32,False,False,light_combined,887
char__scalawag,scalawag,Scalawag,3,21,2,3,32,False,False,light_combined,888
char__shoe_shiner,shoe shiner,Shoe Shiner,3,21,2,4,32,False,False,light_combined,889
char__battle_master,battle master,Battle Master,4,18,1,4,31,False,False,light_combined,890
char__seaman,seaman,Seaman,4,16,3,5,31,False,False,light_combined,891
char__minstrel,minstrel,Minstrel,3,21,1,4,31,False,False,light_combined,892
char__mercenary,mercenary,Mercenary,2,14,11,10,31,False,False,light_combined,893
char__town_baker_s_child,town baker's child,Town Baker'S Child,4,18,0,4,30,False,False,light_combined,894
char__band_member,band member,Band Member,3,21,0,3,30,False,False,light_combined,895
char__cowardly_young_man_in_armour,cowardly young man in armour,Cowardly Young Man In Armour,3,21,0,3,30,False,False,light_combined,896
char__cypher_the_dragon,cypher the dragon,Cypher The Dragon,3,21,0,3,30,False,False,light_combined,897
char__king_visiting_the_shipyard,king visiting the shipyard,King Visiting The Shipyard,3,21,0,3,30,False,False,light_combined,898
char__outside_attackers,outside attackers,Outside Attackers,3,21,0,3,30,False,False,light_combined,899
char__round_man_with_a_bushy_mustache,round man with a bushy mustache,Round Man With A Bushy Mustache,3,21,0,3,30,False,False,light_combined,900
char__sioux_chef,sioux chef,Sioux Chef,3,21,0,3,30,False,False,light_combined,901
char__property_owner,property owner,Property Owner,3,20,0,3,29,False,False,light_combined,902
char__adults,adults,Adults,2,14,9,11,29,False,False,light_combined,903
char__king_omako_iii,king omako iii,King Omako Iii,4,16,0,4,28,False,False,light_combined,904
char__serving_boy,serving boy,Serving Boy,3,18,1,4,28,False,False,light_combined,905
char__paladin,paladin,Paladin,2,14,8,6,28,False,False,light_combined,906
char__executioners,executioners,Executioners,4,14,0,4,26,False,False,light_combined,907
char__bears_cubs_it_fights_to_protect,bears cubs it fights to protect,Bears Cubs It Fights To Protect,3,17,0,3,26,False,False,light_combined,908
char__foolhardy_adventurer_who_came_to_check_out_the_ruins,foolhardy adventurer who came to check out the ruins,Foolhardy Adventurer Who Came To Check Out The Ruins,3,17,0,3,26,False,False,light_combined,909
char__crocodiles,crocodiles,Crocodiles,3,15,2,5,26,False,False,light_combined,910
char__frightened_rat,frightened rat,Frightened Rat,3,16,0,3,25,False,False,light_combined,911
char__garden_dog,garden dog,Garden Dog,3,16,0,3,25,False,False,light_combined,912
char__horse_thieves,horse thieves,Horse Thieves,3,16,0,3,25,False,False,light_combined,913
char__damage_dealer,damage dealer,Damage Dealer,3,15,0,3,24,False,False,light_combined,914
char__mountain_goat,mountain goat,Mountain Goat,3,14,1,3,24,False,False,light_combined,915
char__anchovy,anchovy,Anchovy,2,14,4,2,24,False,False,light_combined,916
char__therapist,therapist,Therapist,2,14,4,4,24,False,False,light_combined,917
char__old_person,old person,Old Person,2,14,3,5,23,False,False,light_combined,918
char__retainer,retainer,Retainer,2,14,3,4,23,False,False,light_combined,919
char__towns_person,towns person,Towns Person,2,14,3,5,23,False,False,light_combined,920
char__raven,raven,Raven,2,12,5,7,23,False,False,light_combined,921
char__king_s_child,king's child,King'S Child,2,14,2,4,22,False,False,light_combined,922
char__music_paper,music paper,Music Paper,2,14,2,2,22,False,False,light_combined,923
char__magical_being,magical being,Magical Being,2,8,8,8,22,False,False,light_combined,924
char__head_monk,head monk,Head Monk,2,14,1,3,21,False,False,light_combined,925
char__rich_king,rich king,Rich King,2,14,1,3,21,False,False,light_combined,926
char__sick_person,sick person,Sick Person,2,14,1,3,21,False,False,light_combined,927
char__ancient_savage_chieftan,ancient savage chieftan,Ancient Savage Chieftan,2,14,0,2,20,False,False,light_combined,928
char__crypt_keeper,crypt keeper,Crypt Keeper,2,14,0,2,20,False,False,light_combined,929
char__king_s_treasurer,king's treasurer,King'S Treasurer,2,14,0,2,20,False,False,light_combined,930
char__mud_golem,mud golem,Mud Golem,2,14,0,2,20,False,False,light_combined,931
char__poker_players,poker players,Poker Players,2,14,0,2,20,False,False,light_combined,932
char__turtle_in_a_cage_filled_with_grapes,turtle in a cage filled with grapes,Turtle In A Cage Filled With Grapes,2,14,0,2,20,False,False,light_combined,933
char__gravekeeper,gravekeeper,Gravekeeper,2,13,1,2,20,False,False,light_combined,934
char__fauna,fauna,Fauna,2,8,6,6,20,False,False,light_combined,935
char__server,server,Server,2,7,5,5,18,False,False,light_combined,936
char__rich_man,rich man,Rich Man,1,7,8,7,18,False,False,light_combined,937
char__court_treasurer,court treasurer,Court Treasurer,2,11,0,2,17,False,False,light_combined,938
char__trainer,trainer,Trainer,1,7,7,5,17,False,False,light_combined,939
char__christian_villagers,christian villagers,Christian Villagers,2,9,0,2,15,False,False,light_combined,940
char__dirty_stone,dirty stone,Dirty Stone,2,7,0,2,13,False,False,light_combined,941
char__goner,goner,Goner,1,7,3,3,13,False,False,light_combined,942
char__general_defending_the_tower,general defending the tower,General Defending The Tower,1,7,0,1,10,False,False,light_combined,943
char__louse,louse,Louse,1,7,0,1,10,False,False,light_combined,944
char__pair_of_cheerful_wrens_nesting_under_the_eaves,pair of cheerful wrens nesting under the eaves,Pair Of Cheerful Wrens Nesting Under The Eaves,1,7,0,1,10,False,False,light_combined,945
char__piano_player,piano player,Piano Player,1,7,0,1,10,False,False,light_combined,946
char__publican,publican,Publican,1,7,0,1,10,False,False,light_combined,947
char__sentry,sentry,Sentry,1,7,0,1,10,False,False,light_combined,948
char__shaddy_lady,shaddy lady,Shaddy Lady,1,7,0,1,10,False,False,light_combined,949
char__snow_guards,snow guards,Snow Guards,1,7,0,1,10,False,False,light_combined,950
char__water_monster,water monster,Water Monster,1,7,0,1,10,False,False,light_combined,951
char__starfish,starfish,Starfish,1,6,1,1,10,False,False,light_combined,952
char__cave_troll,cave troll,Cave Troll,1,2,5,4,10,False,False,light_combined,953
char__town_doctor,town doctor,Town Doctor,1,4,1,2,8,False,False,light_combined,954
char__dead_creature,dead creature,Dead Creature,1,2,1,2,6,False,False,light_combined,955
