crno,company_name,enpEmpeCnt,enpBsadr,enpHmpgUrl,상장여부,top_region,employee_count
1101110085450,현대자동차(주),72598.0,서울특별시 서초구  헌릉로 12,www.hyundai.com,1.0,서울,72598.0
1101110037998,기아(주),36566.0,서울특별시 서초구 헌릉로 12 기아자동차,www.kia.co.kr,1.0,서울,36566.0
1101110393134,엘지디스플레이(주),24430.0,서울특별시 영등포구 여의대로 128 LG트윈타워 (동관 12층),www.lgdisplay.com,1.0,서울,24430.0
1101110108484,(주)대한항공,18318.0,서울특별시 강서구 하늘길 260,www.koreanair.com,1.0,서울,18318.0
1101110000086,롯데쇼핑(주),17712.0,서울특별시 중구  남대문로 81 (소공동),www.lotteshoppingir.com/,1.0,서울,17712.0
1101110023393,(주)우리은행,14203.0,서울특별시 중구 소공로 51,www.wooribank.com,0.0,서울,14203.0
1101110394174,삼성SDI(주),12826.0,경기도 용인시 기흥구  공세로 150-20,www.samsungsdi.co.kr,1.0,경기,12826.0
1101110012809,(주)신한은행,12781.0,"서울특별시 중구 세종대로9길 20 (태평로2가, 신한은행 본점)",www.shinhan.com,0.0,서울,12781.0
1101110215536,현대모비스(주),12535.0,서울 강남구 역삼1동 로담코빌딩 140-2,www.mobis.com,1.0,서울,12535.0
1101110192180,엘지이노텍(주),12211.0,서울특별시 강서구 마곡중앙10로 30 LG사이언스파크,www.lginnotek.co.kr,1.0,서울,12211.0
1101110672538,주식회사 하나은행,11837.0,"서울특별시 중구 을지로 35 (을지로1가, 하나은행)",www.kebhana.com,0.0,서울,11837.0
1101110398556,삼성에스디에스(주),11219.0,서울특별시 송파구 올림픽로35길 125(신천동),www.samsungsds.com,1.0,서울,11219.0
1101110168595,삼성중공업(주),10589.0,경기도 성남시 분당구 판교로227번길 23 삼성중공업 판교R&D센터,www.samsungshi.com,1.0,경기,10589.0
1101110015762,삼성물산(주),9261.0,서울특별시 강동구 상일로6길 26 -,www.samsungcnt.com,1.0,서울,9261.0
1101110562804,아시아나항공(주),7479.0,서울특별시 강서구  오정로 443-83,www.flyasiana.com,1.0,서울,7479.0
1101110090037,(주)지에스리테일,7304.0,서울특별시 강남구 논현로 508GS타워(역삼동 679),www.gsretail.com,1.0,서울,7304.0
1101110221939,(주)에스원,7044.0,서울 중구 순화동 168 에스원빌딩 17층 총무팀,www.s1.co.kr,1.0,서울,7044.0
1101110007909,현대건설(주),6900.0,서울특별시 종로구  율곡로 75,www.hdec.kr,1.0,서울,6900.0
1101110516695,(주)엘지씨엔에스,6890.0,서울특별시 강서구 마곡중앙8로 71,www.lgcns.com,1.0,서울,6890.0
1101110006167,씨제이대한통운(주),6847.0,서울특별시 종로구 종로5길 7(청진동) Tower 8,www.cjlogistics.com,1.0,서울,6847.0
1101110371148,한전KPS(주),6485.0,전라남도 나주시 문화로 211 -,www.kps.co.kr,1.0,전남,6485.0
1101110626501,코웨이(주),6352.0,충청남도 공주시 유구읍 유구마곡사로 136-23,company.coway.com,1.0,충남,6352.0
1101110005078,삼성화재해상보험(주),5535.0,서울특별시 서초구 서초대로74길 14 (서초동),www.samsungfire.com,1.0,서울,5535.0
1101110360935,한화솔루션(주),5503.0,서울특별시 중구 청계천로 86 한화빌딩,hcc.hanwha.co.kr,1.0,서울,5503.0
1101110057574,(주)농심,5501.0,서울특별시 동작구  여의대방로 112,www.nongshim.com,1.0,서울,5501.0
1101110371346,SK텔레콤(주),5316.0,서울특별시 중구  을지로 65 (을자로2가),www.sktelecom.com,1.0,서울,5316.0
1101110240509,삼성이앤에이(주),5249.0,서울특별시 강동구 상일동 500 삼성 GEC,www.samsungena.com,1.0,서울,5249.0
1101110003684,롯데칠성음료(주),5217.0,서울특별시 서초구 서초대로70길 15,company.lottechilsung.co.kr,1.0,서울,5217.0
1101110005953,삼성생명보험(주),5124.0,서울특별시 서초구 서초대로74길 11 (서초동) 삼성생명보험 주식회사,www.samsunglife.com,1.0,서울,5124.0
1101110327125,대상(주),5106.0,서울특별시 종로구 창경궁로 120 종로플레이스,www.daesang.co.kr,1.0,서울,5106.0
1101110002694,지에스건설(주),4996.0,서울특별시 종로구 종로 33 그랑서울,www.gsenc.com,1.0,서울,4996.0
1101110095285,DB손해보험(주),4716.0,서울특별시 강남구  테헤란로 432,www.idbins.com,1.0,서울,4716.0
1101110145410,주식회사 호텔롯데,4626.0,서울특별시 중구 을지로 30,www.hotellotte.com,0.0,서울,4626.0
1101110769583,SK(주),4419.0,서울특별시 종로구 종로 26 SK주식회사,www.sk-inc.com/,1.0,서울,4419.0
1101110193196,롯데케미칼(주),4349.0,서울특별시 송파구 올림픽로 300 롯데월드타워,www.lottechem.com,1.0,서울,4349.0
1101110014219,넥센타이어(주),4255.0,경상남도 양산시  충렬로 355 넥센타이어,www.nexentire.com,1.0,경남,4255.0
1101110243800,(주)이랜드리테일,4149.0,서울특별시 서초구 잠원로 51,www.elandretail.com,0.0,서울,4149.0
1101110035132,케이지모빌리티(주),4126.0,경기도 평택시  동삭로 455-12,www.kg-mobility.com,1.0,경기,4126.0
1101110035893,현대해상화재보험(주),3987.0,서울 종로구 세종로 현대해상화재보험빌딩,www.hi.co.kr,1.0,서울,3987.0
1101110532633,롯데하이마트(주),3776.0,서울특별시 강남구  삼성로 156  롯데하이마트빌딩,company.himart.co.kr,1.0,서울,3776.0
1101110006456,한화손해보험(주),3715.0,서울특별시 영등포구  여의대로 56 한화손해보험(주),www.hwgeneralins.com/,1.0,서울,3715.0
1101110038805,에스케이에코플랜트 (주),3708.0,"서울특별시 종로구 율곡로2길 19 (수송동, 수송스퀘어) SK에코플랜트 IR팀",www.skecoplant.com,0.0,서울,3708.0
1101110014764,롯데건설주식회사,3676.0,서울특별시 서초구 잠원로14길 29,www.lottecon.co.kr,0.0,서울,3676.0
1101110692875,한전산업개발(주),3614.0,서울특별시 중구  서소문로 115 한산빌딩,www.kepid.co.kr,1.0,서울,3614.0
1101110221814,(주)케이씨씨,3583.0,서울특별시 서초구  사평대로 344 (주)케이씨씨 빌딩,www.kccworld.co.kr,1.0,서울,3583.0
1101110189955,S-Oil(주),3537.0,서울특별시 마포구  백범로 192,www.s-oil.com,1.0,서울,3537.0
1101110520076,엘에스일렉트릭 주식회사,3482.0,경기도 안양시 동안구  엘에스로 127 LS타워,www.ls-electric.com,1.0,경기,3482.0
1101110003692,한국공항(주),3409.0,서울특별시 강서구  양천로 13 (방화동) 한국공항(주),www.kas.co.kr,1.0,서울,3409.0
1101110249709,한화호텔앤드리조트 (주),3350.0,서울특별시 중구 소공로 119 (태평로2가),www.hwhnr.co.kr,0.0,서울,3350.0
1101110011679,미래에셋증권(주),3310.0,서울특별시 중구 을지로5길 26 미래에셋 센터원빌딩 이스트타워,securities.miraeasset.com,1.0,서울,3310.0
1101110036502,코오롱글로벌(주),3273.0,경기도 과천시 코오롱로 11 코오롱타워,www.kolonglobal.com,1.0,경기,3273.0
1101110167498,주식회사 이마트에브리데이,3269.0,"서울특별시 성동구 성수일로 56 (성수동2가, 성수동BY센터)8,9,10층",www.emarteveryday.co.kr,0.0,서울,3269.0
1101110002959,(주)한화,3264.0,서울특별시 중구  청계천로 86 24층,www.hanwhacorp.co.kr,1.0,서울,3264.0
1101110090516,(주)삼립,3149.0,경기도 시흥시 공단1대로 101,www.spcsamlip.co.kr,1.0,경기,3149.0
1101110098130,엔에이치투자증권(주),3137.0,서울특별시 영등포구 여의대로 108 파크원NH금융타워(타워2),www.nhqv.com,1.0,서울,3137.0
1101110078819,GS칼텍스(주),3120.0,"서울특별시 강남구 논현로 508 (역삼동, GS강남타워)",www.gscaltex.co.kr,0.0,서울,3120.0
1101110013328,메리츠화재해상보험(주),3027.0,서울특별시 강남구  강남대로 382 메리츠타워,www.meritzfire.com,0.0,서울,3027.0
1101110034308,삼양식품(주),3025.0,서울특별시 중구 퇴계로159 삼양라운드스퀘어엔타워,www.samyangfoods.com,1.0,서울,3025.0
1101110017859,(주)KB손해보험,2991.0,서울특별시 강남구 테헤란로 117 KB손해보험,www.kbinsure.co.kr,0.0,서울,2991.0
1101110266620,(주)씨앤에스자산관리,2974.0,"서울특별시 종로구  사직로 130 (적선동,적선현대제1빌딩제907호)",www.cnsamc.com,0.0,서울,2974.0
1101110028591,하이트진로(주),2935.0,서울특별시 강남구 영동대로 714,www.hitejinro.com,1.0,서울,2935.0
1101110037740,(주)도화엔지니어링,2912.0,서울특별시 강남구  삼성로 438 도화타워,www.dohwa.co.kr,1.0,서울,2912.0
1101110365797,(주)이랜드월드,2802.0,서울특별시 금천구 가산디지털1로 159,www.eland.co.kr,0.0,서울,2802.0
1101110003204,한화생명보험(주),2794.0,서울특별시 영등포구 63로 50,www.hanwhalife.com,1.0,서울,2794.0
1101110190340,삼호개발(주),2713.0,충청남도 당진시  면천면 면천로 183,www.samhodev.co.kr/,1.0,충남,2713.0
1101110028848,(주)신세계,2634.0,서울특별시 중구  소공로 63 (충무로1가) 신세계백화점건물 (주)신세계,www.shinsegae.com,1.0,서울,2634.0
1101110335649,삼성증권(주),2614.0,서울특별시 서초구 서초대로74길 11 (서초동),www.samsungpop.com,1.0,서울,2614.0
1101110514029,(주)대교,2359.0,서울특별시 관악구 보라매로 3길 23 (보라매동 729-21) 대교타워,www.daekyo.co.kr,1.0,서울,2359.0
1101110109854,(주)녹십자,2351.0,경기도 용인시 기흥구  이현로30번길 107(보정동),www.gcbiopharma.com,1.0,경기,2351.0
1101110026206,주식회사 DB하이텍,2221.0,경기도 부천시 수도로 90 (주)DB하이텍,www.dbhitek.co.kr,1.0,경기,2221.0
1101110305288,(주)신세계푸드,2203.0,"서울특별시 성동구 성수일로 56 성수동BY센터 4-7층(성수동2가, 백영 성수빌딩)",www.shinsegaefood.com,0.0,서울,2203.0
1101110377203,현대카드주식회사,2192.0,서울특별시 영등포구 의사당대로 3 현대카드빌딩 1관,www.hyundaicard.com,0.0,서울,2192.0
1101110014409,(주)유한양행,2153.0,서울특별시 동작구  노량진로 74,www.yuhan.co.kr,1.0,서울,2153.0
1101110090558,에이치디현대오일뱅크 주식회사,2145.0,충청남도 서산시 대산읍 평신2로 182,www.hd-hyundaioilbank.co.kr,0.0,충남,2145.0
1101110658637,(주)포스코디엑스,2103.0,경상북도 포항시 남구 호동로 68,www.poscodx.com/kor/,1.0,경북,2103.0
1101110168404,고려아연(주),2054.0,서울특별시 종로구 종로33 (청진동) -,www.koreazinc.co.kr,1.0,서울,2054.0
1101110346901,삼성카드(주),2033.0,서울특별시 중구  세종대로 67,www.samsungcard.co.kr,1.0,서울,2033.0
1101110208127,(주)엘엑스판토스,1986.0,서울특별시 종로구 새문안로 58,www.lxpantos.com,0.0,서울,1986.0
1101110033722,롯데푸드(주),1940.0,서울특별시 영등포구 양평로19길 19 -,www.lottefoods.co.kr,0.0,서울,1940.0
1101110193740,에이치엠엠(주),1933.0,부산광역시 동구 중앙대로 244 -,www.hmm21.com,1.0,부산,1933.0
1101110145519,(주)호텔신라,1910.0,서울특별시 중구 동호로 249 (주) 호텔신라,www.hotelshilla.net,1.0,서울,1910.0
1101110038326,(주)한국종합기술,1907.0,경기도 하남시 덕풍동로 111-21 (덕풍동),www.kecc.co.kr,1.0,경기,1907.0
1101110042492,유안타증권(주),1777.0,서울특별시 영등포구 국제금융로 39 여의도동 앵커원,www.yuantakorea.com,1.0,서울,1777.0
1101110013774,(주)두산,1749.0,서울특별시 중구  장충단로 275 두산타원,www.doosancorp.co.kr,1.0,서울,1749.0
1101110208169,하나증권 주식회사,1746.0,서울특별시 영등포구 의사당대로 82,www.hanaw.com,0.0,서울,1746.0
1101110641434,롯데카드주식회사,1745.0,"서울특별시 종로구 새문안로 76 (신문로1가, 콘코디언(concordian))",www.lottecard.co.kr,0.0,서울,1745.0
1101110003668,(주)한진,1673.0,서울특별시 중구 남대문로 63 한진빌딩,www.hanjin.com,1.0,서울,1673.0
1101110163115,디엘건설(주),1669.0,인천광역시 남동구  미래로 14,www.dlconstruction.co.kr,0.0,인천,1669.0
1101110092976,남양유업(주),1649.0,서울특별시 강남구 도산대로 240 1964빌딩,www.namyangi.com,1.0,서울,1649.0
1101110012560,(주)보령,1645.0,서울 종로구 원남동 보령빌딩 66-21,www.boryung.co.kr,1.0,서울,1645.0
1101110222557,주식회사 메가마트,1639.0,서울특별시 금천구 시흥대로27길 32 (주)메가마트,www.megamart.com,0.0,서울,1639.0
1101110205975,금호석유화학(주),1606.0,"서울특별시 중구 청계천로 100 (수표동, 시그니쳐타워)",www.kkpc.com,1.0,서울,1606.0
1101110141301,메리츠증권(주),1593.0,"서울특별시 영등포구 국제금융로 10 (여의도동, 서울국제금융센터)",www.imeritz.com,0.0,서울,1593.0
1101110099774,서울보증보험(주),1547.0,서울특별시 종로구 김상옥로 29,www.sgic.co.kr,1.0,서울,1547.0
1101110139017,(주)제일기획,1511.0,서울특별시 용산구  이태원로 222 제일기획,www.cheil.co.kr,1.0,서울,1511.0
1101110129274,(주)파라다이스,1497.0,서울특별시 중구 퇴계로 299,www.paradise.co.kr/ko/main,1.0,서울,1497.0
1101110042955,대신증권(주),1432.0,서울특별시 중구 삼일대로 343 저동1가 대신파이낸스센터,www.daishin.com,1.0,서울,1432.0
1101110660806,(주)희림종합건축사사무소,1405.0,서울특별시 강동구 상일로6길 39-,www.heerim.com,0.0,서울,1405.0
1101110035835,대한전선(주),1382.0,경기도 안양시 동안구 관양동 1746-2 대한스마트타워,www.taihan.com,1.0,경기,1382.0
1101110186638,(주)이수페타시스,1368.0,대구광역시 달성군  논공읍 논공로53길 36 이수페타시스,www.petasys.com,1.0,대구,1368.0
