Unnamed: 0,crno,corpNm,corpEnsnNm,enpPbanCmpyNm,enpRprFnm,bzno,enpBsadr,enpDtadr,enpHmpgUrl,enpTlno,enpEstbDt,enpEmpeCnt,lastOpegDt,상장여부
0,1101110995378,현대캐피탈주식회사,"HYUNDAI CAPITAL SERVICES, Inc.",현대캐피탈,"[""정형진""]",1168136248,"서울특별시 중구 세종대로 14 (남대문로5가, 그랜드센트럴(GRANDCENTRAL))",,www.hyundaicapital.co.kr,1544-2114,19931222,2120,20260915,0
1,1101111042574,(주)현대에버다임,HYUNDAI EVERDIGM Corp.,현대에버다임,"[""유재기""]",1078145758,충청북도 진천군  진천읍 부영길 49,,www.hyundaieverdigm.com,(043)530-3300,19940601,635,20260915,0
2,1101111081093,(주)대림,"Daelim Co., Ltd.",대림,"[""정인""]",1108130979,"서울특별시 강서구 공항대로 165 에이동 8층(마곡동, 원그로브)",,https://www.daelim.co.kr,02)3708-3517,19941001,513,20260915,0
3,1101111109134,(주)씨제이이엔엠,"CJ ENM CO., Ltd.",CJ ENM,"[""윤상현""]",1068151510,서울특별시 서초구  과천대로 870-13,,www.cjmall.com,02-2107-0114,19941216,3105,20260915,0
4,1101111129497,(주)카카오,Kakao Corp.,카카오,"[""정신아""]",1208147521,제주특별자치도 제주시 첨단로 242,,www.kakaocorp.com,02-6718-1082,19950216,3922,20260915,1
5,1101111144297,(주)엘지헬로비전,LG HelloVision Corp.,LG헬로비전,"[""송구영""]",1178113423,"경기도 고양시 덕양구 동송로 30 17층(동산동, MBN미디어센터)",,www.lghellovision.net,02-1855-1000,19950331,933,20260915,1
6,1101111217416,롯데캐피탈주식회사,"LOTTE CAPITAL CO., LTD.",롯데캐피탈,"[""추광식""]",1208155981,"서울특별시 강남구 테헤란로 142 (역삼동, 캐피탈타워) 7층",,www.lottecap.com,02)3451-0027,19951128,441,20260915,0
7,1101111258220,(주)한국토지신탁,"Korea Real Estate Investment & Trust Co., Ltd",한국토지신탁,"[""최윤성"", ""김성진""]",1208163986,서울특별시 강남구 테헤란로 137 코레이트타워,,www.koreit.co.kr,0234511181,19960404,258,20260915,1
8,1101111296676,(주)LG유플러스,LG Uplus Corp,LG유플러스,"[""홍범식""]",2208139938,서울특별시 용산구 한강대로 32 (한강로3가) LG유플러스 용산사옥,,www.uplus.co.kr,02-3773-1114,19960711,9765,20260915,1
9,1101111315286,(주)에이피에스,APS Inc.,APS,"[""정기로""]",2298122962,경기도 화성시 동탄면 동탄산단9길 23-12 (동탄면),,www.apsholdings.co.kr,031-776-1800,19960829,48,20260915,0
10,1101111412256,효성아이티엑스(주),"HYOSUNG ITX.CO.,LTD",효성 ITX,"[""남경환"", ""홍혜진""]",1208173505,서울특별시 영등포구  선유동2로 57 이레빌딩 15층,,www.hyosungitx.com,02-2102-8400,19970509,8092,20260915,1
11,1101111447021,드림라인(주),Dreamline Corporation,드림라인,"[""한윤재""]",2208144955,"서울특별시 구로구 디지털로31길 61 (구로동, 드림마크원데이터센타) 8층",,www.dreamline.co.kr,1877-1817,19970731,130,20260915,0
12,1101111468754,(주)케이티,KT CORPORATION,케이티,"[""박윤영""]",1028142945,경기도 성남시 분당구 불정로 90 KT 본사,,www.kt.com,02-100,19811210,14701,20260915,1
13,1101111516933,엘아이지디펜스앤에어로스페이스(주),"LIG Defense&Aerospace Co., Ltd.",LIG디펜스앤에어로스페이스,"[""신익현""]",2158635051,경기도 용인시 기흥구 마북로 207 엘아이지넥스원(주),,www.lignex1.com,1644 - 2005,19980225,5382,20260915,1
14,1101111598379,(주)에코프로,"ECOPRO CO.,LTD",에코프로,"[""송호준""]",2148626675,충청북도 청주시 청원구 오창읍 과학산업2로 587-40 주식회사 에코프로,,www.ecopro.co.kr,043-240-7700,19981022,185,20260915,0
15,1101111602667,(주)케이지이니시스,"KGINICIS CO.,LTD.",KG이니시스,"[""이선재""]",2208155597,"서울특별시 중구 통일로 92 케이지타워 14,15층",,www.inicis.com,02-1588-4954,19981103,216,20260915,0
16,1101111603764,(주)쏠리드,"Solid, Inc.",쏠리드,"[""정준"", ""이승희""]",2158172901,경기도 성남시 분당구 판교역로 220 쏠리드스페이스,,www.solid.co.kr,031-627-6000,19981105,333,20260915,0
17,1101111673220,씨제이씨지브이(주),"CJ CGV CO.,LTD.",CJ CGV,"[""정종민""]",1048145690,서울특별시 용산구 한강대로23길 55 아이파크몰 6층(한강로동),,www.cgv.co.kr,02-371-6660,19990330,4096,20260915,1
18,1101111710527,미래에셋벤처투자 주식회사,"Mirae Asset Venture Investment Co.,Ltd.",미래에셋벤처투자,"[""김응석""]",2118653095,경기도 성남시 분당구 판교역로241번길 20,,venture.miraeasset.co.kr,070-4800-2104,19990608,34,20260915,0
19,1101111764730,에스엘엘중앙 주식회사,"SLL JOONGANG Co., Ltd",에스엘엘중앙,"[""박준서""]",1208193457,"서울특별시 마포구 상암산로 38 (상암동, JTBC빌딩)",,,02-751-6539,19990901,170,20260915,0
20,1101111775365,에이치디씨랩스(주),"HDC LABS Co., Ltd.",HDC랩스,"[""이준형""]",1208193646,서울특별시 서초구 효령로 346 서초 HDC랩스 타워,,www.hdc-labs.com/,02-1899-1909,19990917,6465,20260915,1
21,1101111799183,케이지에코솔루션(주),"KG Eco Solution Co., Ltd.",KG에코솔루션,"[""박생근""]",2148640997,경상남도 밀양시 초동면 초동농공단지길 59 -,,kgecosolution.co.kr/K/main/,055-391-6770,19991029,28,20260915,0
22,1101111807910,전진건설로봇(주),"JUNJIN CONSTRUCTION & ROBOT CO., LTD.",전진건설로봇,"[""고현국"", ""이형환""]",1148192507,충청북도 음성군  금왕읍 대금로 1264,,junjin.com,043-879-2600,19991112,208,20260915,1
23,1101111827570,한국항공우주산업(주),"KOREA AEROSPACE INDUSTRIES, LTD.",한국항공우주,"[""김종출""]",1108142397,경상남도 사천시  사남면 공단1로 78 한국항공우주산업,,www.koreaaero.com,055-851-1000,19991001,5241,20260915,1
24,1101111829576,포스코에너지(주),"POSCO ENERGY Co., Ltd.",포스코에너지,"[""정기섭""]",1048148528,서울특별시 강남구 테헤란로 440,,www.poscoenergy.com,02-3457-2222,19991216,531,20260915,0
25,1101111848980,NICE인프라(주),"NICE Infra Co., Ltd",NICE인프라,"[""이현석""]",2148645634,"서울특별시 마포구 새창로 7 6층, 7층, 8층(도화동)",,www.nicetcm.co.kr,02-2122-5400,20000111,456,20260915,0
26,1101111867948,키움증권(주),"KIWOOM Securities Co.,Ltd.",키움증권,"[""엄주성""]",1078176756,서울특별시 영등포구 의사당대로 96 TP타워(사학연금 서울회관),,www.kiwoom.com,02-3787-5000,20000401,1190,20260915,1
27,1101111874654,AJ네트웍스 주식회사,"AJ Networks Co.,Ltd.",AJ네트웍스,"[""문지회"", ""곽정호""]",2148648586,"서울특별시 송파구 정의로8길 9 (문정동,AJ빌딩)",,www.ajnet.co.kr,02-6363-9999,20000210,603,20260915,1
28,1101111911050,(주)케이지파이낸셜,"KG Financial Co., Ltd.",KG파이낸셜,"[""유승용""]",2208182546,서울특별시 중구 통일로 92 케이지타워 16층,,www.mobilians.co.kr,(02)2192-2000,20000317,147,20260915,0
29,1101111948277,코오롱생명과학(주),KOLON LIFE SCIENCE Inc.,코오롱생명과학,"[""이한국""]",1048152769,서울특별시 강서구 마곡동로 110 코오롱 One&Only 타워,,-,02-3677-4151,20000421,454,20260915,0
30,1101112095837,한화오션(주),"Hanwha Ocean Co., Ltd.",한화오션,"[""김희철""]",1048157667,경상남도 거제시 거제대로 3370 (아주동),,www.hanwhaocean.com/pub/main/index.do,055-735-2114,20001023,11178,20260915,1
31,1101112101816,(주)동원F&B,"DONGWON F & B CO.,LTD",동원F&B,"[""김성용""]",2148668729,서울특별시 서초구  마방로 68 (양재동) 동원산업빌딩,,www.dongwonfnb.com,02-589-3000-1,20001101,3260,20260915,0
32,1101112137358,(주)포스코인터내셔널,POSCO INTERNATIONAL,포스코인터내셔널,"[""이계인""]",1048158195,서울특별시 강남구 테헤란로 440 포스코센터,,www.poscointl.com,02-3457-2288,20001227,1738,20260915,1
33,1101112137895,(주)대우건설,"DAEWOO ENGINEERING & CONSTRUCTION CO.,LTD",대우건설,"[""김보현""]",1048158180,서울특별시 중구 을지로 170 (을지로4가),,daewooenc.com,02-2288-3114,20001227,5146,20260915,1
34,1101112149890,(주)에스에너지,"S-EnergyCO.,LTD.",에스에너지,"[""홍성민"", ""홍문교""]",2068154253,서울특별시 송파구 법원로6길 11 4층,,www.s-energy.co.kr,070-4339-7100,20010112,113,20260915,0
35,1101112177388,현대글로비스(주),"HYUNDAI GLOVIS Co., LTD.",현대글로비스,"[""이규복""]",1068197118,서울특별시 성동구 왕십리로 83-21 -,,www.glovis.net,02-6191-9114,20010222,2319,20260915,1
36,1101112196304,한국자산신탁(주),"KOREA ASSET IN TRUST Co., Ltd",한국자산신탁,"[""신찬혁""]",1078197673,"서울특별시 강남구 테헤란로 306 (역삼동, 카이트타워)",,www.kait.com,02-2112-6300,20010320,149,20260915,1
37,1101112207127,한국수력원자력주식회사,"Korea Hydro & Nuclear Power Co., Ltd.",한국수력원자력,"[""김회천""]",1208618943,경상북도 경주시 문무대왕면 불국로 1655 한국수력원자력주식회사,,www.khnp.co.kr,054-704-2114,20010402,12782,20260915,0
38,1101112207135,한국남부발전주식회사,"Korea Southern Power Co., Ltd.",한국남부발전,"[""김준동""]",1208619165,"부산광역시 남구 문현금융로 40 (문현동, 부산국제금융센터) 40 BIFC",,www.kospo.co.kr,070-7713-8211,20010402,3148,20260915,0
39,1101112207177,한국서부발전주식회사,"Korea Western Power Co., Ltd",한국서부발전,"[""이정복""]",1208619205,충청남도 태안군 태안읍 중앙로 285 (평천리) 한국서부발전(주) 본사,,www.westernpower.co.kr,041-400-1237,20010402,2763,20260915,0
40,1101112217572,(주)동원엔터프라이즈,"Dongwon Enterprise Co.,Ltd",동원엔터프라이즈,"[""박문서""]",2148679828,서울특별시 서초구 마방로 68,,,02-589-3929,20010416,151,20260915,0
41,1101112248882,(주)현대홈쇼핑,HYUNDAI HOME SHOPPING NETWORK CORPORATION,현대홈쇼핑,"[""정교선"", ""한광영""]",2118676540,서울특별시 강동구  올림픽로70길 34,,www.hmall.com,02-2143-2000,20010529,1036,20260915,0
42,1101112262527,(주)엔에스쇼핑,"NS Shopping Co., Ltd",엔에스쇼핑,"[""조항목""]",1178133642,경기도 성남시 분당구 판교로228번길 15   판교세븐벤처밸리1단지 NS홈쇼핑동,,pr.nsmall.com,02-6336-1234,20010615,425,20260915,0
43,1101112276809,(주)세아홀딩스,SEAH HOLDINGS CORP,세아홀딩스,"[""이태성"", ""김수호""]",1048163174,서울특별시 마포구 양화로 45,,www.seahholdings.co.kr,02-6970-0110,20010701,63,20260915,1
44,1101112322438,(주)신한금융지주회사,"SHINHAN FINANCIAL GROUP CO.,LTD",신한지주,"[""진옥동""]",1048164625,서울특별시 중구 세종대로9길 20 태평로2가,,www.shinhangroup.com,02-6360-3000,20010901,195,20260915,1
45,1101112341850,모트렉스 주식회사,"MOTREX CO., LTD",모트렉스,"[""이형환""]",1088150292,경기도 성남시 수정구 금토로80번길 56 위든타워 1동 1301호,,www.motrex.co.kr,070-4862-6100,20011001,440,20260915,0
46,1101112365321,(주)국민은행,KOOKMIN BANK,국민은행,"[""이환주""]",2018168693,서울특별시 영등포구 국제금융로8길 26 국민은행,,www.kbstar.com,02-2073-7114,20011101,15389,20260915,0
47,1101112407470,코스맥스엔비티(주),"COSMAX NBT, INC.",코스맥스엔비티,"[""김남중""]",2148701803,"경기도 성남시 분당구 판교로256번길 25 GB2빌딩 6층 (삼평동,제C동)",,http://www.cosmaxnbt.com,031-8016-8527,20020102,632,20260915,0
48,1101112487050,LG전자(주),LG ELECTRONICS INC.,LG전자,"[""류재철""]",1078614075,서울특별시 영등포구  여의대로 128 LG트윈타워,,www.lge.co.kr,02-3777-1114,20020401,34144,20260915,1
49,1101112507551,(주)형지엘리트,HYUNGJI ELITE INC.,형지엘리트,"[""최준호""]",1058639463,"인천광역시 연수구 하모니로177번길 49 업무동 10층(송도동, 형지글로벌 패션복합센터)",,www.hyungji-elite.com,032-454-8404,20020425,148,20260915,1
50,1101112611906,티케이지휴켐스(주),"TKG Huchems Co.,Ltd.",티케이지휴켐스,"[""김우찬""]",2018176228,서울특별시 중구 마른내로 27 타워107 15층,,tkg.huchems.com,02-2262-0600,20020915,298,20260915,1
51,1101112644725,(주)현대백화점,"HYUNDAI DEPARTMENT STORE CO.,LTD",현대백화점,"[""정지선"", ""정지영""]",2118721455,서울특별시 강남구 테헤란로98길 12 -,,home.e-hyundai.com,02-549-2233,20021101,3139,20260915,1
52,1101112915605,(주)인티큐브,"Inticube Co., Ltd.",인티큐브,"[""조형석""]",1208661116,"서울특별시 마포구 월드컵북로 396, 14층 (상암동, 누리꿈스퀘어비즈니스타워)",,www.hansolinticube.com,02)6005-3000,20031215,204,20260915,0
53,1101113001685,SK디앤디(주),"SK D&D Co.,Ltd.",SK디앤디,"[""김도현""]",1018604792,경기도 성남시 분당구 판교로 332 (삼평동),,www.skdnd.com,02-398-4700,20040427,151,20260915,1
54,1101113326588,롯데렌탈(주),"LOTTE rental co., ltd.",롯데렌탈,"[""이장섭""]",2148779183,"경기도 안양시 동안구 전파로 88, 8층",,www.lotterental.com/,02-3404-9994,20051020,1326,20260915,1
55,1101113555187,(주)LF,LF Corp.,LF,"[""오규식"", ""김상균""]",2118787724,서울특별시 강남구 언주로 870 (신사동),,www.lfcorp.com,02-3441-8114,20061103,910,20260915,1
56,1101113748253,CJ제일제당(주),CJ CHEILJEDANG CORP.,CJ제일제당,"[""손경식"", ""윤석환""]",1048609535,서울특별시 중구  동호로 330,,www.cj.co.kr,726-8114,20070904,8232,20260915,1
57,1101113836678,주식회사 디비메탈,"DB Metal Co., Ltd.",디비메탈,"[""김경덕""]",1208724194,서울특별시 강남구 테헤란로 432,,www.dbmetal.co/,02-3484-1892,20080201,137,20260915,0
58,1101114071207,(주)엘엑스하우시스,"LX HAUSYS, LTD.",LX하우시스,"[""노진서""]",1078718122,서울특별시 종로구 새문안로 58 LX광화문빌딩,,www.lxhausys.com,080-005-4000,20090402,2728,20260915,1
59,1101114255463,케이씨코트렐(주),"KC Cottrell Co., Ltd.",KC코트렐,"[""박기서""]",1058738796,서울특별시 마포구 상암산로 34디지털큐브 12층,,www.kc-cottrell.com/,02-320-6114,20100106,155,20260915,1
60,1101114264828,(주)서진오토모티브,"Seojin Automotive Co.,Ltd.",서진오토모티브,"[""고만윤""]",1078730882,경기도 시흥시 공단1대로 313,,www.secoautomotive.com,031-496-1500,20100119,290,20260915,0
61,1101114382612,대성산업(주),"DAESUNG INDUSTRIAL CO., LTD.",대성산업,"[""김영대"", ""이은우""]",1018656344,"서울특별시 구로구 경인로 662 (신도림동, 디큐브시티 9층, 11층)",,www.daesung.co.kr,02-2170-2160,20100630,375,20260915,1
62,1101114382878,(주)피제이메탈,"PJ METAL CO., LTD",피제이메탈,"[""고이석""]",1208756037,서울특별시 강남구 테헤란로81길 13삼성동 동원빌딩 11층,,-,02-555-4451,20100630,79,20260915,0
63,1101114546523,주식회사 케이비국민카드,"KB Kookmin Card Co., Ltd",케이비국민카드,"[""김재관""]",1018661717,서울특별시 종로구 새문안로3길 30,,www.kbcard.com,02-6936-2272,20110302,1438,20260915,0
64,1101114560268,제이티비씨 주식회사,"JTBC Co., Ltd",제이티비씨,"[""전진배"", ""남중권""]",1048633995,서울특별시 마포구 상암산로 38,,www.jtbc.co.kr/,02-751-6925,20110321,540,20260915,0
65,1101114566406,(주)메리츠금융지주,MERITZ FINANCIAL GROUP INC.,메리츠금융지주,"[""김용범""]",2208814824,서울특별시 강남구  강남대로 382,,www.meritzgroup.com,02-2018-6824,20110328,38,20260915,1
66,1101114594952,(주)이마트,E-MART Inc.,이마트,"[""한채양""]",2068650913,서울특별시 중구 세종대로7길 37,,emartcompany.com/ko/main.do,02-380-5678,20110503,23075,20260915,1
67,1101114720945,(주)삼양사,Samyang Corporation,삼양사,"[""이운익""]",1018666838,서울특별시 종로구 종로33길 31 삼양사,,www.samyangcorp.com,02-740-7114,20111103,1257,20260915,1
68,1101114731299,넷마블(주),Netmarble Corporation,넷마블,"[""김병규""]",1058764746,"서울특별시 구로구 디지털로26길 38 (구로동, 지타워)",,company.netmarble.com,02-2271-7114,20111117,795,20260915,1
69,1101114951243,애경케미칼(주),"AEKYUNG CHEMICAL CO., LTD",애경케미칼,"[""고준""]",1138663305,서울특별시 마포구 양화로 188 9층(동교동),,www.aekyungchemical.co.kr,02-6078-3000,20120903,716,20260915,1
70,1101114952093,한국타이어앤테크놀로지(주),"HANKOOK TIRE & TECHNOLOGY CO.,LTD",한국타이어앤테크놀로지,"[""안종선"", ""이상훈""]",2208843431,경기도 성남시 분당구 판교로 286 -,,www.hankooktire.com,031-5178-7000,20120901,6493,20260915,1
71,1101115079713,동아에스티(주),"DONG-A ST CO.,LTD",동아에스티,"[""정재훈""]",2048640122,서울 동대문구 용두동 138 ~255 천호대로 64,,www.donga.co.kr,02-920-8114,20130304,1685,20260915,1
72,1101115101839,주식회사 우리카드,"Woori Card Co., Ltd.",우리카드,"[""진성원""]",1018679070,"서울특별시 종로구 종로1길 50 (중학동, 더케이트윈타워)",,www.wooricard.com,1588-9955,20130401,1053,20260915,0
73,1101115197193,(주)한진칼,HANJINKAL,한진칼,"[""조원태"", ""류경표""]",2018634368,서울특별시 중구 서소문로 117 -,,www.hanjinkal.co.kr,02-726-6166,20130801,25,20260915,1
74,1101115238096,아세아시멘트(주),"ASIA CEMENT CO.,LTD.",아세아시멘트,"[""임경태"", ""김웅종""]",2208864630,서울 강남구 역삼2동 726 아세아타워빌딩 14층,,www.asiacement.co.kr,02-527-6582,20131002,495,20260915,1
75,1101115260669,(주)종근당,Chong Kun Dang Pharmaceutical Corp.,종근당,"[""김영주""]",1108608069,서울 서대문구 충정로3가 3가 368 종근당빌딩,,www.ckdpharm.com,02-2194-0300,20131105,2304,20260915,1
76,1101115455476,(주)서연이화,"SEOYON E-HWA CO.,LTD.",서연이화,"[""강용석""]",2208882958,경기도 안양시 동안구 부림로170번길 41-22 (관양동),,www.seoyoneh.com,031-420-3200,20140702,1068,20260915,1
77,1101115505354,하나카드 주식회사,"HanaCard Co., Ltd.",하나카드,"[""성영수""]",1048656659,"서울특별시 중구 을지로 66 (을지로2가, 외환은행본점)",,www.hanacard.co.kr,02-1800-1111,20140901,727,20260915,0
78,1101115542497,(주)정다운,"JUNGDAWN Co., Ltd.",정다운,"[""이지훈""]",1078831874,전라남도 나주시 동수농공단지길 137-17 (주)정다운,,jungdawn.co.kr,061-334-5289,20141020,335,20260915,0
79,1101115554418,주식회사 삼양패키징,SAMYANG PACKAGING CORPORATION,삼양패키징,"[""윤석환""]",1018693655,서울특별시 종로구 종로33길 31,,www.samyangpackaging.co.kr/,02-740-7827,20141101,517,20260915,1
80,1101115604700,한솔제지(주),"Hansol Paper Co., Ltd",한솔제지,"[""한경록"", ""고민혁""]",1048658322,"서울특별시 중구 을지로 100 비동 (을지로2가, 파인애비뉴)",,www.hansolpaper.co.kr,02-3287-6040,20150102,1732,20260915,1
81,1101115698315,(주)신세계디에프,SHINSEGAE DF Inc.,신세계디에프,"[""이석구""]",8648100077,서울특별시 중구 퇴계로 77,,,02-6048-5312,20150415,375,20260915,0
82,1101116139277,일동제약(주),"IL DONG PHARMACEUTICAL CO., LTD.",일동제약,"[""윤웅섭"", ""이재준""]",8038800431,서울특별시 서초구 바우뫼로27길 2,,www.ildong.com,025263114,20160801,1104,20260915,1
83,1101116363850,에이치디현대일렉트릭(주),"HD HYUNDAI ELECTRIC CO.,LTD",HD현대일렉트릭,"[""김영기""]",2668600531,경기도 성남시 분당구 분당수서로 477 HD현대 글로벌 R&D센터,,www.hd-hyundaielectric.com,02-746-7530,20170403,2209,20260915,1
84,1101116390770,매일유업 주식회사,"Maeil Dairies Co., Ltd.",매일유업,"[""김선희"", ""이인기""]",8448100466,서울특별시 종로구 종로1길 50 &nbsp,,www.maeil.com,02-2127-2113,20170501,1921,20260915,0
85,1101116740008,아이파크현대산업개발(주),IPARK HYUNDAI DEVELOPMENT COMPANY,IPARK현대산업개발,"[""정경구""]",3348600815,서울특별시 용산구 한강대로23길 55 현대아이파크몰 9층,,www.ipark-dvp.com,02-2008-9114,20180502,1788,20260915,1
86,1101116770138,효성티앤씨(주),Hyosung TNC Corporation,효성티앤씨,"[""이창황"", ""유영환""]",8808701070,서울특별시 마포구 마포대로 119,,www.hyosungtnc.com,02-707-7000,20180604,1266,20260915,1
87,1101116770154,효성중공업(주),Hyosung Heavy Industries Corporation,효성중공업,"[""우태희""]",5788700896,서울특별시 마포구 마포대로 119 효성빌딩,,www.hyosungheavyindustries.com,02-707-7000,20180604,3567,20260915,1
88,1101116770170,에이치에스효성첨단소재(주),HS HYOSUNG ADVANCED MATERIALS,HS효성첨단소재,"[""임진달"", ""성낙양""]",1988700929,서울특별시 마포구 마포대로 119 효성빌딩,,www.hyosungadvancedmaterials.com,02-707-7000,20180604,998,20260915,1
89,1101116799203,한일시멘트(주),"HANILCEMENTCO.,LTD.",한일시멘트,"[""전근식"", ""오해근""]",4638701012,서울특별시 서초구 효령로 275 서초동 1587 한일시멘트빌딩,,www.hanilcement.com,02-531-7000,20180702,980,20260915,1
90,1101116837772,키움캐피탈 주식회사,"KIWOOM capital Co.,Ltd.",키움캐피탈,"[""최창민""]",8578701099,"서울특별시 영등포구 여의대로 66 (여의도동, 하이투자증권) 17층",,kiwoomcapital.com/,02-780-8013,20180809,59,20260915,0
91,1101116860640,(주)세아제강,SeAH Steel Corporation,세아제강,"[""이휘령"", ""홍만기""]",5688601173,서울특별시 마포구 양화로 45,,www.seahsteel.co.kr,02-6970-1000,20180903,805,20260915,1
92,1101350000903,중소기업은행,INDUSTRIAL BANK OF KOREA,기업은행,"[""장민영""]",2028100978,서울특별시 중구 을지로 79 중소기업은행본점,,www.ibk.co.kr,02-729-6114,19610725,13507,20260915,1
93,1115110000136,(주)디와이에이,"DYA CO.,LTD",디와이에이,"[""임근호"", ""박은진""]",1278100094,광주광역시 광산구  소촌로123번길 40-12,,www.dy-a.co.kr,062-940-8670,19600116,403,20260915,1
94,1146710001456,한국전력공사(주),KOREA ELECTRIC POWER CORPORATION,한국전력공사,"[""김동철""]",1208200052,전라남도 나주시 전력로 55 -,,www.kepco.co.kr,061-345-3114,19610701,22875,20260915,1
95,1146710006125,한국가스공사(주),KoreaGasCorporation,한국가스공사,"[""홍의락""]",1208200557,대구광역시 동구 첨단로 120-,,www.kogas.or.kr,053-670-0114,19830818,4289,20260915,1
96,1158110006449,(주)세코닉스,"SEKONIX CO., LTD.",세코닉스,"[""박은경""]",1278112192,경기도 동두천시  평화로2862번길 28,,www.sekonix.com,031-860-1000,19881224,555,20260915,0
97,1201110000034,(주)선광,"SUN KWANG Co.,Ltd",선광,"[""이상필""]",1218101455,인천 중구 항동 34-2,,www.sun-kwang.co.kr,032 -8806-562,19610125,233,20260915,0
98,1201110000323,핸즈코퍼레이션(주),HANDS CORPORATION LTD.,핸즈코퍼레이션,"[""홍승재"", ""이현익""]",1378103633,인천광역시 서구 가정로37번길 50,,www.handscorp.co.kr,032-870-9600,19720303,879,20260915,1
99,1201110001743,현대제철(주),HYUNDAI STEEL COMPANY,현대제철,"[""이보룡""]",1218110385,인천광역시 제물포구 중봉대로 63 -,,www.hyundai-steel.com,032-760-2114,19530610,11694,20260915,1
100,1201110001818,(주)삼익악기,"SAMICK MUSICAL INSTRUMENTS CO.,LTD",삼익악기,"[""김종섭"", ""김민수""]",1228101045,충청북도 음성군  소이면 소이로 313,,www.samick.co.kr,043-1644-3827,19730104,41,20260915,1
101,1201110001959,이건산업(주),EAGON INDUSTRIAL LTD,이건산업,"[""문보영""]",1318106200,인천광역시 남구 염전로 91,,www.eagon.com,032-760-0800,19721207,138,20260915,1
102,1201110002056,케이비아이동양철관(주),"KBI DONG YANG STEEL PIPE CO.,LTD",KBI동양철관,"[""이곽우""]",1228100857,충청남도 천안시 동남구  풍세면 풍세로 515 동양철관(주),,www.dysp.co.kr,02-6903-0200,19730628,174,20260915,1
103,1201110002189,(주)SIMPAC,SIMPACInc,SIMPAC,"[""최진식""]",1228100819,인천광역시 부평구  부평북로 141 (주)SIMPAC,,www.simpac.co.kr,032-510-0044,19730809,488,20260915,1
104,1201110003848,(주)동진쎄미켐,"DONGJIN SEMICHEM CO., LTD.",동진쎄미켐,"[""이준혁""]",1378107814,인천광역시 서구  백범로 644,,www.dongjin.com,02-325-9451,19730710,1469,20260915,0
105,1201110004218,동화기업(주),"DONGWHA ENTERPRISE CO.,LTD.",동화기업,"[""채광병""]",1378102333,인천광역시 서구 가정로97번길 28(가좌동),,www.dongwha.co.kr,02-2122-0651,19480402,632,20260915,0
106,1201110005703,(주)경인양행,KYUNG-IN SYNTHETIC CORPORATION,경인양행,"[""김흥준"", ""조성용""]",1378100562,인천광역시 서구  건지로 199 (석남동) 223-52,,www.kyungin.co.kr,032-571-7498,19771014,470,20260915,1
107,1201110011990,일진홀딩스(주),"ILJIN HOLDINGS CO.,LTD",일진홀딩스,"[""허정석""]",1248134732,경기도 화성시  만년로 905-17,,www.iljin.co.kr,031-220-0500,19820127,22,20260915,1
108,1201110018110,(주)풍산홀딩스,POONGSAN HOLDINGS CORPORATION,풍산홀딩스,"[""박우동""]",1228102549,인천광역시 계양구  아나지로 156 효성동 (주)풍산홀딩스,,www.poongsanhc.co.kr,02-2278-6700,19681022,276,20260915,1
109,1201110019382,한세예스24홀딩스(주),"HANSAE YES24 HOLDINGS CO., LTD",한세예스24홀딩스,"[""김동녕"", ""김석환""]",1378108720,서울특별시 영등포구 은행로 30 중소기업중앙회 6층,,www.hansaeyes24.com,02-3779-0800,19821118,31,20260915,1
110,1201110050104,(주)상상인,"Sangsangin Co., Ltd.",상상인,"[""유준원"", ""이민식""]",1228118380,경기도 성남시 분당구 황새울로 358 -,,www.sangsanginworld.co.kr,02-2167-8500,19890223,216,20260915,0
111,1201110051590,대주이엔티(주),"Daejoo Energy INnovation Technology Co.,Ltd",대주이엔티,"[""황광수"", ""박주봉""]",1318114530,인천광역시 중구 신포로 4 (사동) 4층,,www.daejooent.co.kr,070-7015-1337,19890529,86,20260915,0
112,1201110147422,(주)코다코,"KODACO CO., LTD",코다코,"[""인귀승""]",1398131377,충청남도 천안시 서북구  입장면 신대길 8,,www.kodaco.co.kr,041-411-3100,19970214,193,20260915,0
113,1201110175423,한일네트웍스(주),"HANIL NETWORKS CO., LTD.",한일네트웍스,"[""목진원""]",1398137667,"서울특별시 중구 수표로 34 (저동2가, 씨티센터타워) 11층",,www.hanilnetworks.com,02-3466-9100,19980826,200,20260915,0
114,1201110234469,에이치디현대인프라코어(주),"HD Hyundai Infracore Co., Ltd.",에이치디현대인프라코어,"[""조영철"", ""오승현""]",1218140254,인천광역시 동구  인중로 489(화수동),,www.hd-infracore.com,032-211-1114,20001023,2497,20260915,0
115,1201110484303,한세실업(주),"HANSAE CO.,LTD.",한세실업,"[""김익환"", ""김경"", ""김동녕""]",1378192214,서울특별시 영등포구 은행로 29 정우빌딩,,www.hansae.com,02-3779-0779,20090106,468,20260915,1
116,1201110592908,자일자동차(주),ZILE MOTORS CORPORATION,자일자동차,"[""여가현""]",1228620805,"인천광역시 부평구 부평대로 283 (청천동, 부평우림라이온스밸리) 6층 제에이-605",,www.dm.co.kr,032-680-6963,20111210,38,20260915,0
117,1243110000573,주식회사 파라텍,Paratech Company Limited,파라텍,"[""박선기""]",1308100241,충청남도 서산시 수석산업로 51 -,,www.paratech.co.kr,02-795-2300,19730608,229,20260915,0
118,1243110004252,(주)서흥,"SUHEUNG CO.,LTD.",서흥,"[""양주환""]",1308100576,충청북도 청주시 흥덕구 오송읍 오송생명로 61 -,,www.suheung.com,043-249-4100,19730130,1295,20260915,1
119,1243110008999,KG케미칼(주),KG Chemical Corporation,KG케미칼,"[""곽정현"", ""김재익""]",1308109693,울산광역시 울주군 온산읍 당월로 322,,www.kgchem.co.kr,052-231-1842,19541231,201,20260915,1
120,1243110011322,삼보판지(주),"SAMBO CORRUGATED BOARD CO.,LTD.",삼보판지,"[""류진호""]",1308112669,경기도 시흥시 공단1대로28번길 120 (정왕동),,www.isambo.com,031-319-6523,19810723,284,20260915,0
121,1243110033235,(주)원익홀딩스,"WONIK HOLDINGS CO.,LTD.",원익홀딩스,"[""조남성"", ""장성대""]",1338127249,경기도 평택시 진위면 마산12로 21 -,,www.wonikholdings.kr,031-230-4600,19910919,419,20260915,0
122,1244110006602,(주)디에이피,"DAP Co., Ltd",디에이피,"[""권오일"", ""최봉윤""]",1398111954,경기도 안성시 미양면 보체리 404-1,,www.dapmc.co.kr,031-677-0005,19871128,1127,20260915,0
123,1244110019308,(주)아모텍,"Amotech Co., Ltd.",아모텍,"[""김병규""]",1368112269,인천 남동구 남촌동 617 남동공단 5블럭 1롯트,,www.amotech.co.kr,(031)989-0506,19941019,597,20260915,0
124,1244110093120,주식회사 아모센스,"Amosense Co., Ltd.",아모센스,"[""김인응"", ""김병규""]",1378191480,충청남도 천안시 서북구 직산읍 모시리 308 천안 제4지방산업단지 19-1블럭,,www.amosense.co.kr,041-590-5700,20081101,302,20260915,0
125,1301110001585,SKC(주),SKC LTD,SKC,"[""김종우""]",1358101250,경기도 수원시 장안구 정자로 102 SKC첨단기술중앙연구소 (정자동 911-10),,www.skc.kr,02-3787-1234,19730716,172,20260915,1
126,1301110005199,SK네트웍스(주),SKNetworksCompanyLimited,SK네트웍스,"[""이호정""]",1248100718,경기도 수원시 장안구 경수대로976번길 19 -,,www.sknetworks.co.kr,070-7800-2114,19560324,1576,20260915,1
127,1301110006246,삼성전자(주),"SAMSUNG ELECTRONICS CO,.LTD",삼성전자,"[""전영현"", ""노태문""]",1248100998,경기도 수원시 영통구  삼성로 129 (매탄동),,www.samsung.com/sec,02-2255-0114,19690113,128881,20260915,1
128,1301110006296,인지컨트롤스(주),"INZI CONTROLS CO.,LTD",인지컨트롤스,"[""정혜승"", ""강혁진""]",1338122303,"경기도 시흥시  군자천로 171 (정왕동, 시화공단2다504)",,www.inzi.co.kr,031-496-1725,19780131,559,20260915,1
129,1301110007137,(주)대창,"DAECHANG Co.,Ltd",대창,"[""조시영"", ""조정호""]",1338123689,경기도 시흥시 공단1대로 391,,www.brassone.com,031-496-3000,19771219,335,20260915,1
130,1301110010015,태림포장(주),"Tailim Packaging Co., Ltd",태림포장,"[""강재영""]",1338122623,경기도 시흥시 공단1대로379번안길 74,,www.tailim.com,031-499-3333,19760412,954,20260915,1
131,1301110010031,티피(주),TP Inc.,TP,"[""임석원""]",1348105011,서울특별시 구로구 디지털로31길 12 태평양물산,,www.panpacific.co.kr,02-850-9000,19720630,252,20260915,1
132,1301110010841,(주)케이피에프,KPF,케이피에프,"[""김형노""]",1348102988,경기도 성남시 분당구 운중로 136 판교송현타워,,www.kpf.co.kr,043-849-1114,19631031,466,20260915,0
133,1301110013499,케이비캐피탈(주),"KB CAPITAL CO,. LTD",케이비캐피탈,"[""빈중일""]",1248125121,경기도 수원시 팔달구  효원로  295,,www.kbcapital.co.kr,02-1544-1200,19890912,649,20260915,0
134,1301110026749,(주)코리아써키트,"KOREA CIRCUIT CO.,LTD",코리아써키트,"[""장세준""]",1348107528,경기도 안산시 단원구  강촌로139번길 9,,www.kcg.co.kr,031-491-3061,19720411,1306,20260915,1
135,1301110026814,(주)아난티,Ananti Inc.,아난티,"[""이만규""]",1348107135,충청북도 진천군  백곡면 배티로 818-105,,www.ananti.kr,02-6742-1500,19870116,700,20260915,0
136,1301110028935,(주)이건홀딩스,"EAGON HOLDINGS CO., LTD.",이건홀딩스,"[""박승준"", ""이길수""]",1348101053,인천 남구 도화동 967-3,,www.eagon.com,032-760-0042,19880414,29,20260915,0
137,1301110064351,에스와이(주),"SY CO., LTD.",에스와이,"[""홍성부"", ""김성덕""]",1248177032,"경기도 수원시 권선구 정조로 340-2 (권선동, 에스와이빌딩)",,www.sypanel.com,031-222-4028,20000929,368,20260915,0
138,1311110042950,(주)팜스코,FARMSCO,팜스코,"[""김남욱""]",1298130202,경기도 안성시  미양면 제2공단4길 33,,www.farmsco.com,031-606-6820,19991001,523,20260915,1
139,1311110046291,엘비세미콘(주),"LB SEMICON, INC.",LB세미콘,"[""이대교""]",1298132684,경기도 평택시 청북면 청북산단로 138,,www.lbsemicon.com,031-680-1600,20000210,1513,20260915,0
140,1311110046639,(주)아이티엠반도체,"ITM Semiconductor Co., Ltd",아이티엠반도체,"[""나혁휘""]",1298132781,충청북도 청주시 청원구 오창읍 양청3길 60,,www.it-m.co.kr,043-270-6700,20000223,314,20260915,0
141,1311110367986,에스프리즘 (주),"S-Prism Co., Ltd.",에스프리즘,"[""홍성민"", ""홍문교""]",1298686341,서울특별시 송파구 법원로6길 11 4층,,www.s-fuelcell.com/,070-4613-4900,20140228,37,20260915,0
142,1311110481819,주식회사 카카오모빌리티,Kakao Mobility Corp.,카카오모빌리티,"[""류긍선""]",1728600842,경기도 성남시 분당구 판교역로 152 알파돔타워 13층,,www.kakaomobility.com,15999400,20170609,940,20260915,0
143,1311110501021,에스케이케미칼(주),"SK Chemicals Co., Ltd.",SK케미칼,"[""안재현""]",8468100915,경기도 성남시 분당구 판교로 310,,www.skchemicals.com,02-2008-2008,20171201,1547,20260915,1
144,1313110030042,에이치엘홀딩스(주),HL Holdings Corporation,HL홀딩스,"[""김광헌""]",1258130627,경기도 용인시 기흥구 기흥단지로 46 -,,hlholdings.co.kr,02-3434-5133,19991127,337,20260915,1
145,1313110083497,(주)풍산,POONGSAN CORPORATION,풍산,"[""류진"", ""박우동""]",1258175323,경기도 평택시  포승읍 평택항로156번길 134 (주)풍산,,www.poongsan.co.kr,02-3406-5114,20080704,3754,20260915,1
146,1313110140776,에이치엘만도(주),"HL Mando CO.,LTD",HL만도,"[""조성현""]",1258625094,경기도 평택시 포승읍 하만호길 32,,www.mando.com,031-680-6114,20140902,3828,20260915,1
147,1314110133612,삼보오토(주),"SAMBOAUTO. Co., Ltd",삼보오토,"[""이건국"", ""이태용""]",1348192156,충청남도 예산군 응봉면 산단1길 66 (주령리),,www.samboauto.com,041-338-0763,20021113,272,20260915,0
148,1314110189425,(주)후성,"FOOSUNG CO.,LTD",후성,"[""김용민""]",1348634812,경기도 화성시  팔탄면 현대기아로 72-37,,www.foosungchem.com,031-627-4328,20061124,351,20260915,1
149,1341110000567,가온전선(주),"GAON CABLE CO.,LTD",가온전선,"[""정현""]",1238100049,경기도 군포시  엘에스로45번길 120,,www.gaoncable.com,031-8068-3928,19470924,498,20260915,1
150,1341110000822,아진전자부품(주),"AJIN ELECTRONIC COMPONENTS CO.,LTD",아진전자부품,"[""서중호""]",1238100262,전라북도 정읍시  공단2길 3,,www.dwecc.com,063-530-8171,19731013,305,20260915,1
151,1341110002258,(주)오뚜기,OTOKI CORPORATION,오뚜기,"[""함영준"", ""황성만""]",1388103238,경기도 안양시 동안구  흥안대로 405,,www.otoki.com,031-421-2122,19710603,3388,20260915,1
152,1341110002878,(주)노루홀딩스,"NOROO HOLDINGS CO., LTD",노루홀딩스,"[""한영재""]",1238102601,경기도 안양시 만안구  박달로 351,,www.norooholdings.co.kr,02-2191-7700,19451101,62,20260915,1
153,1341110142575,(주)노루페인트,"NOROO PAINT & COATINGS Co.,LTD",노루페인트,"[""김종우""]",1238606034,경기도 안양시 만안구  박달로 351,,-,031-467-6114,20060602,780,20260915,1
154,1341110168349,엘에스엠트론(주),LS Mtron Ltd.,엘에스엠트론,"[""신재호""]",1388147556,경기도 안양시 동안구 엘에스로 127,,www.lsmtron.co.kr,031-689-8376,20080702,1348,20260915,0
155,1341110168357,LS전선(주),LS Cable & System Ltd.,LS전선,"[""구본규""]",1388147634,경기도 안양시 동안구 엘에스로 127 LS타워,,,02-2189-9114,20080702,2210,20260915,0
156,1341110213433,롯데오토리스 주식회사,"Lotte auto lease co.,ltd.",롯데오토리스,"[""김태민""]",1388171361,경기도 안양시 동안구 전파로 88,,www.lotte-autolease.net,1899-8700,20111201,68,20260915,0
157,1344110001387,에스케이하이닉스(주),SK hynix Inc.,SK하이닉스,"[""곽노정""]",1268103725,경기도 이천시  부발읍 경충대로 2091,,www.skhynix.com,031-630-4114,19491015,34549,20260915,1
158,1344110046664,(주)선진,"SUNJIN CO., LTD.",선진,"[""이범권""]",1268636352,경기도 이천시  대월면 사동로 76,,www.sj.co.kr,031-637-1180,20110104,457,20260915,1
159,1345110000014,(주)녹십자홀딩스,GC Corp.,녹십자홀딩스,"[""허일섭"", ""허용준""]",1358105009,경기 용인시 구성읍 동백리 (주)녹십자 303,,www.gccorp.com,031-260-9300,19671005,163,20260915,1
160,1345110000600,(주)엠투엔,"M2N Co.,Ltd",엠투엔,"[""이승건""]",1358105130,"서울특별시 중구 소공로 109 한화빌딩 13층(소공동, 한화빌딩)",,www.dkdni.co.kr,02-2636-2431,19651210,208,20260915,0
161,1345110004149,(주)마니커,"MANIKER CO.,LTD.",마니커,"[""안정원"", ""엄영철""]",1358103151,경기도 용인시 기흥구 구성로 278 -,,www.maniker.co.kr,031-281-5300,19850927,491,20260915,1
162,1345110004412,엠케이전자(주),MKElectron,엠케이전자,"[""현기진""]",1358106406,경기도 용인시 처인구 포곡읍 금어로 405 엠케이전자,,www.mke.co.kr,031-330-1900,19821216,296,20260915,0
163,1345110083218,(주)녹십자웰빙,GC WellBeing Corporation,녹십자웰빙,"[""김상현""]",1358172584,서울특별시 성동구 왕십리로 241 4층,,www.greencrosswb.com,031-629-8600,20040902,330,20260915,0
164,1345110144268,(주)휴맥스,"HUMAX CO., LTD.",휴맥스,"[""정창수""]",1428122888,경기도 용인시 처인구  영문로 2,,kr.humaxdigital.com,031-776-6114,20091005,91,20260915,0
165,1345110172532,(주)지씨셀,GC CELL CORPORATION,지씨셀,"[""원성용"", ""김재왕""]",1428137741,경기도 용인시 기흥구 이현로30번길 107 -,,www.gclabcell.com,031-260-9300,20110621,806,20260915,0
166,1346110000260,주식회사 대동모빌리티,DAEDONGMOBILITY.CORP.,대동모빌리티,"[""원유현""]",1258100934,경기도 안성시 대덕면 서동대로 4867-11,,www.daedongmobility.co.kr,0316735544,19770629,401,20260915,0
167,1346110018221,(주)이녹스,INNOXCorporation,이녹스,"[""박정진""]",1258140130,충청남도 아산시 둔포면 아산밸리로 171,,www.innoxcorp.com,031-727-9197,20011108,37,20260915,0
168,1347110001159,(주)경동나비엔,"KYUNG DONG NAVIEN CO.,LTD",경동나비엔,"[""손연호"", ""손흥락"", ""장희철""]",1258101234,경기도 평택시 서탄면 수월암길 95 -,,www.kdnavien.co.kr,031-8060-5500,19781113,1734,20260915,1
169,1348110003020,(주)대림제지,DaelimPaper,대림제지,"[""류창승""]",1248132409,경기 오산시 누읍동 7,,www.daelimpaper.co.kr,031 -373 -7670,19840321,193,20260915,0
170,1348110003187,한미사이언스(주),"Hanmi Science Co.,Ltd",한미사이언스,"[""김재교""]",1248132296,경기도 화성시 팔탄면 무하로 214 한미약품(주) 팔탄공단,,www.hanmiscience.co.kr,02-410-9114,19730615,489,20260915,1
171,1348110075342,(주)대웅제약,DAEWOONG PHARMA,대웅제약,"[""이창재"", ""박성수""]",1248601143,경기도 화성시 향남읍 제약공단4길 35-14 -,,www.daewoong.co.kr,02-550-8800,20021001,1794,20260915,1
172,1348110094160,한양디지텍(주),"HANYANG DIGITECH CO.,LTD.",한양디지텍,"[""김윤상""]",1248619959,경기도 화성시 삼성1로 332-7,,www.hanyangdgt.com,031-695-5000,20040419,81,20260915,0
173,1348110197550,한미약품(주),"Hanmi Pharm. Co., Ltd.",한미약품,"[""황상연""]",1248700613,경기도 화성시  팔탄면 무하로 214,,-,02-410-9114,20100705,2382,20260915,1
174,1348110294273,코스맥스(주),"COSMAX, INC.",코스맥스,"[""최경"", ""이병만""]",1438119635,"경기도 화성시  향남읍 제약공단1길 27, 2길 46",,www.cosmax.com,031-359-0300,20140303,1565,20260915,1
175,1350110029881,(주)서원,"SEOWON CO.,LTD",서원,"[""조경호"", ""박주황""]",1348101655,"경기도 안산시 단원구  산단로67번길 94  (목내동, (주)서원)",,www.swbrass.co.kr,031-365-8700,19880907,108,20260915,1
176,1350110034038,(주)셀트리온,"Celltrion, Inc.",셀트리온,"[""기우성"", ""서진석""]",1338123603,인천광역시 연수구 아카데미로 23,,www.celltrion.com,032-850-5000,19910227,3153,20260915,1
177,1350110034400,신한캐피탈(주),"Shinhan Capital Co., Ltd.",신한캐피탈,"[""전필환""]",1348111323,"경기도 안산시 단원구 당곡로 17 (고잔동, 신한은행)",,www.shcap.co.kr,1544-6800,19910419,274,20260915,0
178,1350110036315,(주)인지디스플레이,INZI DISPLAY COMPANY LIMITED,인지디스플레,"[""정혜승"", ""배학범""]",1348113942,충청남도 예산군 예산읍 벚꽃로388번길 7 -,,www.inzidisplay.co.kr,041-330-3051,19920317,123,20260915,0
179,1350110049607,(주)다원시스,"DAWONSYS CO., LTD",다원시스,"[""박선순""]",1348129935,경기도 안산시 단원구 시화호수로 485(성곡동) (주) 다원시스,,www.dawonsys.com,031-8085-3010,19960115,475,20260915,0
180,1350110057395,제이더블유생명과학(주),JW LIFESCIENCE CORPORATION,JW생명과학,"[""노정열""]",1338125692,충청남도 당진시 송악읍 한진1길 28,,www.jw-lifescience.co.kr,041-351-7600,19940510,319,20260915,1
181,1350110087483,(주)비에이치,"BHCo.,Ltd.",비에이치,"[""최영식""]",1228157587,인천광역시 부평구 평천로199번길 25,,www.bhe.co.kr,032-510-2000,19990310,1370,20260915,1
182,1350110106150,(주)퀀텀레일,QuantumRail Inc.,퀀텀레일,"[""안은철"", ""김지원""]",1348159986,경기도 김포시 양촌읍 황금1로 307-5,,www.xcure.co.kr,031-689-3119,20000915,43,20260915,0
183,1350110122156,서울바이오시스(주),"SEOUL VIOSYS CO., LTD.",서울바이오시스,"[""이정훈"", ""강지훈""]",1348178872,경기도 안산시 단원구 산단로163번길 65-16 (원시동),,www.seoulviosys.com/kr/,031-1566-2771,20020125,194,20260915,0
184,1351110050173,주식회사 서진캠,"seojin cam co.,ltd.",서진캠,"[""엄익두""]",1238150345,"경기도 평택시 청북읍 청북산단로 31 (어연리, 884번지) 주식회사 서진캠",,www.seojincam.com,031-680-9100,19990903,355,20260915,0
185,1353110013606,코오롱인더스트리(주),"KOLON INDUSTRIES, INC.",코오롱인더,"[""허성"", ""김민태""]",1388156604,서울특별시 강서구 마곡동로 110 코오롱 One&Only 타워,,www.kolonindustries.com/,02-3677-3114,20100105,4260,20260915,1
186,1355110106027,(주)모다이노칩,"Moda-InnoChips Co., Ltd.",모다이노칩,"[""정태형"", ""강중근""]",1348154564,경기도 안산시 단원구  동산로27번길 42-7 이노칩테크놀러지(주),,www.innochips.co.kr,031-315-7250,20000424,437,20260915,0
187,1358110124726,제이씨케미칼(주),"JC Chemical Corporation, LTD.",제이씨케미칼,"[""김의윤"", ""김지용""]",1358185115,울산광역시 울주군  온산읍 화산1길 70,,www.jcchemical.co.kr,02-6321-1333,20060324,93,20260915,0
188,1450110002801,모나용평(주),"MONA YONGPYONG CO.,LTD",모나용평,"[""박인준""]",2268124374,강원도 평창군  대관령면 올림픽로 715,,www.yongpyong.co.kr,033-330-8350,20000214,378,20260915,1
189,1501110003058,(주)대원,"DAEWON CO., LTD.",대원,"[""전응식"", ""조종호""]",3158101104,"충청북도 청주시 흥덕구 직지대로435번길 15 송정동,(주)대원",,www.daewon.co.kr,043-264-1115,19720221,135,20260915,0
190,1501110006185,(주)심텍홀딩스,"SIMMTECH HOLDINGS Co., Ltd.",심텍홀딩스,"[""박광준""]",3158101652,충청북도 청주시 흥덕구 산단로 73,,www.simmtechholdings.co.kr,043-909-8000,19870824,47,20260915,0
191,1501110205802,(주)심텍,"SIMMTECH Co., Ltd.",심텍,"[""전영선"", ""김영구""]",1338800123,충청북도 청주시 흥덕구 산단로 73 &nbsp,,www.simmtech.co.kr,043-269-9000,20150701,2902,20260915,0
192,1501110219184,(주)에코프로비엠,"ECOPRO BM CO.,LTD.",에코프로비엠,"[""최문호"", ""김장우""]",6388600376,충청북도 청주시 청원구 오창읍 2산단로 100 송대리 329,,www.ecoprobm.co.kr,043-240-7700,20160502,1192,20260915,0
193,1511110053458,에스와이스틸텍(주),"SY STEEL TECH, Inc.",에스와이스틸텍,"[""홍성균""]",5728700151,충청북도 충주시 엄정면 세고개로 154,,systeeltech.com/,070-4808-2189,20150701,130,20260915,0
194,1543110001997,(주)체리부로,"Cherrybro Co.,Ltd",체리부로,"[""김강흥""]",3018112903,충청북도 진천군 이월면 생거진천로 1770,,www.cherrybro.com,043-530-3200,19910907,299,20260915,0
195,1545110001571,티케이지애강(주),"TKG AIKANG CO., LTD",티케이지애강,"[""임홍석""]",3128107981,충청북도 충주시 중앙탑면 기업도시로 422 -,,aikang.taekwang.com,043-723-2007,19900122,120,20260915,0
196,1545110002355,(주)네패스,NEPES Corporation,네패스,"[""이병구"", ""이창우""]",3038105198,충청북도 청주시 청원구 오창읍 과학산업2로 587-32 주식회사 네패스,,www.nepes.co.kr,02-3470-2700,19901227,1200,20260915,0
197,1545110006076,일진디스플레이(주),"ILJIN DISPLAY CO.,LTD.",일진디스플,"[""김태완""]",3038110352,충청북도 음성군  대소면 대금로 157,,www.iljindisplay.co.kr,031-680-0212,19940401,42,20260915,1
198,1545110039324,풀무원식품 (주),"Pulmuone Foods Co., Ltd.",풀무원식품,"[""천영훈"", ""박광순"", ""이동훈""]",3038151649,충청북도 음성군 대소면 삼양로 730-27,,-,02-2040-4300,20080701,801,20260915,0
199,1545110049654,(주)윈하이텍,"WINHITECH CO., Ltd.",윈하이텍,"[""송자은"", ""박성태""]",3038163280,충청북도 음성군 삼성면 하이텍산단로 99 &nbsp,,www.winhitech.co.kr,02-854-2818,20110915,119,20260915,0
200,1601110002313,(주)알루코,"ALUKO CO.,LTD.",알루코,"[""박진우""]",3068101212,대전광역시 대덕구  대화로119번길 31,,www.aluko.co.kr,042-605-8300,19560604,160,20260915,1
201,1601110003121,계룡건설산업(주),"KYE-RYONG CONSTRUCTION INDUSTRIAL CO.,LTD",계룡건설산업,"[""오태식"", ""윤길호""]",3148107954,대전광역시 서구 문정로48번길 48 -,,www.krcon.co.kr,042-480-7114-5,19781011,1850,20260915,1
202,1601110003931,(주)하림지주,"Harim Holdings Co., Ltd.",하림지주,"[""김홍국""]",3068103054,전라북도 익산시 중앙로 121 -,,www.harimholdings.co.kr,02-2085-4684,19500401,91,20260915,0
203,1601110014483,미래에셋생명보험(주),"MIRAE ASSET Life Insurance CO., Ltd.",미래에셋생명,"[""김재식"", ""황문규""]",3058108605,"서울특별시 마포구 만리재로 24 (신공덕동, 미래에셋생명빌딩)",,life.miraeasset.com,02-1588-0220,19880307,793,20260915,1
204,1614110008562,현대트랜시스주식회사,HYUNDAI TRANSYS INC.,현대트랜시스,"[""백철승""]",3108112926,"충청남도 서산시 성연면 신당1로 105 (갈현리, 현대트랜시스(주))",,www.hyundai-transys.com,031-369-9993,19991228,4061,20260915,0
205,1615110006796,(주)오스템,"AUSTEM CO.,LTD",오스템,"[""김정우"", ""김민석""]",3128107773,충청남도 천안시 동남구 수신면 수신로 739,,www.yyauto.co.kr,041 -559 -2340,19900307,293,20260915,0
206,1615110011795,세메스 주식회사,SYSTEM ENGINEERING MEGA SOLUTION,세메스,"[""심상필""]",3128113969,"충청남도 천안시 서북구 직산읍 4산단5길 77 (모시리, 세메스)",,www.semes.co.kr,041-620-8353,19930104,2660,20260915,0
207,1615110086227,하나머티리얼즈(주),Hana Materials Inc.,하나머티리얼즈,"[""김현주""]",3128188209,충청남도 천안시 서북구 3공단3로 42,,hanamts.com,041-410-1255,20070123,717,20260915,0
208,1615110148704,(주)티엠씨,"TMC Co., Ltd.",티엠씨,"[""지영완""]",3128646688,충청남도 천안시 서북구 입장면 연곡길 443,,www.tmccable.com,041-589-6500,20121231,402,20260915,1
209,1647110001591,콜마홀딩스(주),"KOLMAR HOLDINGS CO.,LTD.",콜마홀딩스,"[""윤상현""]",3078102816,세종특별자치시  전의면 덕고개길 12-11,,www.kolmarholdings.co.kr,041-862-1057,19900515,113,20260915,1
210,1647110030756,한국콜마(주),"KOLMAR KOREA CO.,LTD",한국콜마,"[""최현규""]",3078138444,세종특별자치시  전의면 덕고개길 12-11,,https://www.kolmar.co.kr/,02-3459-5952,20121002,1542,20260915,1
211,1648110015300,(주)위니아,"WINIA Co., Ltd.",위니아,"[""김혁표""]",3128138164,광주광역시 광산구 하남산단9번로 110 -,,www.winiadimchae.com,062-604-6114,19991006,240,20260915,0
212,1648110021208,하나마이크론(주),HanaMicronInc.,하나마이크론,"[""이동철""]",3128150630,충남 아산시 음봉면 원남리 95-1번지,,www.hanamicron.co.kr,041-423-7015,20010823,771,20260915,0
213,1648110105010,(주)이녹스첨단소재,"INNOX Advanced Materials Co., Ltd.",이녹스첨단소재,"[""장경호"", ""강정태""]",5018600680,충청남도 아산시 둔포면 아산밸리로 171,,www.innoxamc.com,031-727-9197,20170601,727,20260915,0
214,1650110006768,에이치디씨현대이피(주),"HDC Hyundai Engineering Plastics Co., Ltd.",HDC현대EP,"[""신우철""]",3118113651,충청남도 당진시  석문면 대호만로 1221-32 현대EP 주식회사,,www.hdc-hyundaiep.com/,041-350-0500,20000115,403,20260915,1
215,1701110000141,주식회사 아이엠뱅크,iM Bank,아이엠뱅크,"[""강정훈""]",5028107740,대구광역시 수성구 달구벌대로 2310 (수성동2가),,www.imbank.co.kr,053-756-2001,19671007,3181,20260915,0
216,1701110000935,삼익THK(주),"SAMICK THK CO.,LTD",삼익THK,"[""진영환"", ""류영수""]",5038110869,대구광역시 달서구  성서동로 163,,www.samickthk.co.kr,053-665-7000,19651005,526,20260915,1
217,1701110001082,무림에스피(주),"MOORIM SP CO., LTD.",무림SP,"[""이도균""]",2118163282,서울특별시 강남구  강남대로 656 (신사동),,www.moorim.co.kr,02  -3485-1603,19560726,216,20260915,0
218,1701110005042,(주)남선알미늄,"NAMSUN ALUMINIUM CO.,LTD",남선알미늄,"[""조현기"", ""정순원"", ""김제욱""]",5028100107,대구광역시 달성군  논공읍 논공중앙로 288,,www.namsun.co.kr,053-610-5110,19730104,507,20260915,1
219,1701110006412,평화홀딩스(주),"Pyung Hwa Holdings Co.,Ltd.",평화홀딩스,"[""황순용"", ""김주영""]",5148106346,대구광역시 달성군  논공읍 논공로 597,,www.phhc.co.kr,053-610-8500,19501030,87,20260915,1
220,1701110006868,(주)우성머티리얼스,"WOOSUNG MATERIALS CO.,LTD",우성머티리얼스,"[""임종찬""]",5048101534,대구광역시 북구  검단동로 35 (검단동),,www.startex.co.kr,053-382-4772,19760420,36,20260915,1
221,1701110007733,경창산업(주),KyungchangIndustrial,경창산업,"[""손일호"", ""차석주""]",5038104241,대구광역시 달서구 성서로35길 6 월암동,,www.kc.co.kr,053 -560 -0141,19770622,1263,20260915,0
222,1701110014936,(주)화신,"HWASHIN CO.,LTD",화신,"[""정서진"", ""배현주""]",5058120965,경상북도 영천시  도남공단길 94-2,,www.hwashin.co.kr,054-330-5400,19740701,1010,20260915,1
223,1701110017237,대성홀딩스(주),"DAESUNG HOLDINGS CO., LTD.",대성홀딩스,"[""김영훈"", ""김정주""]",5038106405,대구광역시 중구 명덕로 85 대성홀딩스,,http://www.daesung-holdings.com,053-606-1000,19830131,47,20260915,1
224,1701110021816,동원모빌리티(주),"Dongwon Mobility CO.,LTD",동원모빌리티,"[""이은우"", ""박승룡"", ""이승재""]",5038106778,경상북도 경산시  진량읍 북리1길  69,,www.dwmic.com,053-859-2311,19851214,523,20260915,1
225,1701110638661,에이치디현대(주),"HD HYUNDAI CO.,LTD.",HD현대,"[""정기선"", ""조영철""]",5398600614,경기도 성남시 분당구 분당수서로 477 HD현대 글로벌 R&D센터,,www.hd.com,02-1811-6114,20170403,48,20260915,1
226,1712110000958,명신산업(주),MYOUNG SHIN INDUSTRY,명신산업,"[""최우철""]",5058101731,경상북도 경주시 천북면 천북산단로 91,,www.myoungshinindustry.com,054-746-2665,19820417,156,20260915,1
227,1712110001253,에코플라스틱(주),ECOPLASTIC CORPORATION,에코플라스틱,"[""황학기""]",5058102351,경상북도 경주시  공단로69번길 30 에코플라스틱(주),,WWW.AP.CO.KR,054-770-3255,19840601,625,20260915,0
228,1712110005114,(주)엠에스오토텍,"MS AUTOTECH COMPANY, LIMITED",엠에스오토텍,"[""이태규"", ""이강섭""]",5058105299,경상북도 경주시  내남면 포석로 16-9,,ms-global.com,054-770-1810,19900906,20,20260915,0
229,1713110003504,코오롱이앤피(주),"KOLON ENP, INC.",코오롱이앤피,"[""김영범""]",5108105710,경상북도 김천시  공단3길 64 (응명동),,www.kolonenp.com,054-420-8371,19960315,405,20260915,0
230,1741110000527,상신브레이크(주),SANGSIN BRAKE,상신브레이크,"[""박세종""]",5148103617,대구광역시 달성군 논공읍 논공중앙로33길 10,,www.sangsin.com,053-616-9555,19750813,622,20260915,1
231,1741110001294,케이비아이메탈(주),"KBI METAL CO., LTD.",KBI메탈,"[""김병제""]",5148105779,대구광역시 달성군 논공읍 논공로87길 88 갑을메탈 대구공장,,www.kbimetal.co.kr,053-610-5610,19870225,471,20260915,0
232,1746110000981,오씨아이홀딩스 주식회사,OCI Holdings Company Ltd.,OCI홀딩스,"[""이우현"", ""이수미""]",5068100069,서울특별시 중구  소공로 94 OCI 빌딩,,www.oci-holdings.co.kr,02-727-9300,19740701,67,20260915,1
233,1746110002979,(주)포스코이앤씨,"POSCO Eco & Challenge Co., Ltd.",포스코이앤씨,"[""송치영""]",5068102280,경상북도 포항시 북구 중흥로 307 (죽도동),,www.poscoenc.com,054)223-6114,19941201,5816,20260915,0
234,1753110000762,(주)새로닉스,"SERONICS. CO., LTD.",새로닉스,"[""박시환""]",5138101294,경상북도 구미시  수출대로9길 36 (주)새로닉스,,www.seronics.co.kr,054-463-7945,19681221,1054,20260915,0
235,1753110001348,SK실트론 주식회사,"SK Siltron Co., Ltd.",SK실트론,"[""정광진""]",5138102110,경상북도 구미시 임수로 53 SK실트론 주식회사,,www.sksiltron.com,02-6719-5312,19830425,3624,20260915,0
236,1760110020145,아주스틸(주),"AJUSTEEL CO.,LTD.",아주스틸,"[""이현식""]",5138116496,경상북도 구미시 4공단로 321,,www.ajusteel.com,054-714-3657,19991029,821,20260915,1
237,1760110020640,한화시스템(주),"HANWHA SYSTEMS Co., Ltd.",한화시스템,"[""손재일""]",5138117175,경상북도 구미시 산호대로 264-60 -,,hanwhasystems.com,02-729-4605,20000111,4855,20260915,1
238,1760110022654,(주)엘앤에프,"L&F CO.,LTD",엘앤에프,"[""허제홍""]",5138119101,대구광역시 달서구 이곡동로 11,,www.landf.co.kr/,053-592-7300,20000727,1924,20260915,1
239,1760110035615,(주)원익큐엔씨,WONIK QnC CORPORATION,원익QnC,"[""백홍주""]",5138131648,경상북도 구미시 산동읍 5공단3로 14 -,,www.wonikqnc.com,054-479-9500,20031112,1212,20260915,0
240,1801110001494,고려산업(주),"KOREA INDUSTRIAL CO.,LTD",고려산업,"[""전장열"", ""김영교""]",6048100024,부산광역시 중구 중앙대로 22 (중앙동6가),,www.hafeed.co.kr,051-600-5076,19570724,131,20260915,1
241,1801110001973,인터지스(주),"INTERGIS CO., LTD",인터지스,"[""최우일""]",6018100739,부산광역시 중구  충장대로9번길 52 마린센터 13층,,www.intergis.co.kr,051-604-3333,19560223,524,20260915,1
242,1801110003268,대한제강(주),"DAEHAN STEEL CO.,LTD",대한제강,"[""이경백""]",6038113259,부산광역시 사하구 하신번영로 69,,www.idaehan.com,02-1670-3300,19540610,414,20260915,1
243,1801110004323,화승인더스트리(주),"HS INDUSTRIES CO.,LTD",화승인더스트리,"[""현석호""]",6068101863,부산광역시 연제구 중앙대로 1079 장천빌딩 6층,,www.hsi.co.kr,051-311-0081,19690507,29,20260915,1
244,1801110020246,삼보산업 주식회사,"SAMBO Industrial Co., Ltd.",삼보산업,"[""이태용"", ""최재훈""]",6098116685,경상남도 창원시 진해구  남의로21번길 36,,www.samboind.com,055 -552-7130 -,19740208,330,20260915,0
245,1801110025147,(주)디아이씨,DAE-IL Corporation,디아이씨,"[""김정렬""]",6208110295,울산광역시 울주군  두동면 봉계농공길 8,,dicorp.co.kr,052-255-0500,19760803,695,20260915,1
246,1801110028026,환영철강공업(주),"HWAN YOUNG STEEL IND.CO.,LTD.",환영철강공업,"[""이수근""]",6068103880,"충청남도 당진시 석문면 보덕포로 587 (삼화리, 환영철강)",,,041-350-2500,19771020,255,20260915,0
247,1801110034320,금강공업(주),"KUMKANG KIND CO.,LTD",금강공업,"[""전장열"", ""전재범""]",6038115882,부산광역시 사하구  다산로 110,,www.kumkangkind.com,051-264-8881,19790808,365,20260915,1
248,1801110038447,(주)오리엔탈정공,"ORIENTAL PRECISION & ENGINEERING CO.,LTD.",오리엔탈정공,"[""박세철""]",6038105967,부산광역시 강서구  녹산산단289로 6 오리엔탈정공,,www.opco.co.kr,051-202-0101,19800719,322,20260915,0
249,1801110042612,(주)성우하이텍,"SUNGWOO HITECH CO., LTD",성우하이텍,"[""이명근"", ""이문용"", ""조성현""]",6218114445,부산광역시 기장군  정관면 농공길 2-9 (주)성우하이텍,,www.swhitech.co.kr,070-7477-5450,19811228,1782,20260915,0
250,1801110054641,(주)엔케이,"NK CO.,LTD.",엔케이,"[""박제완""]",6038106888,부산광역시 강서구 과학산단로 194-11 (주)엔케이,,www.nkcf.com,051-204-2211,19840801,64,20260915,1
251,1801110055722,엘티삼보 주식회사,"LT SAMBO CO., LTD.",엘티삼보,"[""이상덕""]",6178108420,"부산광역시 남구 자성로 152 715(문현동, 한일오피스텔)",,www.ltsambo.co.kr,051-646-8600,19761230,1245,20260915,0
252,1801110062008,현진소재(주),"HYUNJIN MATERIALS CO., LTD.",현진소재,"[""이도헌""]",6038106646,부산광역시 강서구 녹산화전로 63 -,,www.hjmco.co.kr,(051)602-7700,19780425,39,20260915,0
253,1801110102359,한국선재(주),"HANKUK STEEL WIRE CO., LTD.",한국선재,"[""이정훈""]",6068138360,부산광역시 사하구 하신번영로 27 (신평동),,www.ehansun.co.kr,051-200-4400,19740705,165,20260915,0
254,1801110328550,(주)케이에스피,"KSPCO.,LTD",케이에스피,"[""이범호"", ""김효철""]",6068127539,부산광역시 강서구  녹산산단381로86번길 43,,www.kspvalve.com,(051)831-6270,20000628,55,20260915,0
255,1801110633031,(주)동성케미컬,"DONGSUNG CHEMICAL Co., Ltd.",동성케미컬,"[""이만우"", ""백진우""]",6038168642,부산광역시 사하구  신산로 99,,idongsung.com,051-200-4500,20080514,616,20260915,1
256,1801110750893,(주)BNK금융지주,BNK Financial Group Inc.,BNK금융지주,"[""빈대인""]",6058605385,부산광역시 남구 문현금융로 30(문현동),,www.bnkfg.com,051-620-3023,20110315,121,20260915,1
257,1801111065811,에이치디현대마린솔루션(주),"HD Hyundai Marine Solution Co., Ltd",HD현대마린솔루션,"[""김성준""]",5828100535,경기도 성남시 분당구 분당수서로 477 경기도 성남시 분당구 분당수서로 477,,www.hd-marinesolution.com/,02-479-9500,20161128,583,20260915,1
258,1812110000443,한국무브넥스(주),"KOREA MOVENEX CO., LTD.",한국무브넥스,"[""이현덕""]",6208100079,울산 동구 동부동 194,,www.koreamovenex.com,052-233-5511,19740715,500,20260915,1
259,1812110000526,에이치디현대미포 주식회사,"HD HYUNDAI MIPO CO.,LTD.",에이치디현대미포,"[""김형관""]",6208100900,울산광역시 동구 방어진순환도로 100 (주)현대미포조선,,www.hd-hmd.com,052-250-3114,19750428,4003,20260915,0
260,1812110000758,에스제이지세종(주),"SJG SEJONG CO.,LTD",SJG세종,"[""이동원"", ""옥현근""]",6208100119,울산광역시 북구 공단길 4 (효문동),,www.sjku.co.kr,052-219-1699,19760610,617,20260915,1
261,1812110002275,디케이엠이(주),"DKME Co., Ltd.",DKME,"[""백부기"", ""이문두""]",6108102779,울산광역시 남구  처용로 260-37,,www.dkme.com,052-278-9000,19810930,174,20260915,1
262,1812110002548,무림피앤피(주),"Moorim P&P CO.,LTD",무림P&P,"[""이도균""]",6108102842,울산광역시 울주군 온산읍 우봉강양로 3-36 -,,www.moorimpnp.co.kr,052-231-7000,19740116,722,20260915,1
263,1812110003421,엔브이에이치코리아(주),NVH KOREA INC.,엔브이에이치코리아,"[""구자겸"", ""천성식""]",6208101350,울산광역시 북구 모듈화산업로 207-14엔브이에이치코리아(주),,www.nvhkorea.com,054-779-1822,19840117,270,20260915,0
264,1845110001252,(주)화승코퍼레이션,"Hwaseung Corporation CO., LTD",화승코퍼레이션,"[""허성룡"", ""현지호""]",6218105780,부산광역시 연제구 중앙대로 1079 -,,www.hscorp.com,051-717-7300,19780915,560,20260915,1
265,1846110000319,한국내화(주),"KOREA REFRACTORIES CO.,LTD",한국내화,"[""변성희""]",6228106900,충청남도 당진시  송산면 무수들길 370,,www.fskrc.co.kr,041-359-2200,19740624,644,20260915,1
266,1846110000533,티케이지태광(주),"TKG TAEKWANG CO., LTD",티케이지태광,"[""박주환""]",6228105819,경상남도 김해시 김해대로 2635번길 26(안동),,,055-330-1458,19801230,968,20260915,0
267,1901110006971,에스케이 머티리얼즈(주),"SK Materials Co., Ltd.",에스케이머티리얼즈,"[""이용욱""]",5128101234,경상북도 영주시  가흥공단로 59-33,,www.sk-materials.com,054-630-8114,19821110,794,20260915,0
268,1911110000104,(주)대동,DAEDONG CORPORATION,대동,"[""김준식"", ""원유현""]",5148106690,대구광역시 달성군 논공읍 논공중앙로34길 35 35,,www.daedong.co.kr,053-610-3000,19470520,1106,20260915,1
269,1911110000782,무림페이퍼(주),"MOORIM PAPER CO.,LTD",무림페이퍼,"[""이도균""]",6138100289,경상남도 진주시  남강로 1003 (상평동),,www.moorim.co.kr,055-751-1234,19730829,447,20260915,1
270,1942110000191,(주)영흥,"YOUNGWIRE CO., LTD.",영흥,"[""강근욱"", ""변태용""]",6098102065,충청남도 보령시 주교면 관창공단길 50 -,,www.youngwire.com,02-2077-8500,19770420,129,20260915,1
271,1942110000480,한화에어로스페이스(주),"HANWHA AEROSPACE CO., LTD.",한화에어로스페이스,"[""김동관"", ""손재일""]",6098102992,경상남도 창원시 성산구  창원대로 1204,,www.hanwhaaerospace.com,055-260-2114,19770801,8168,20260915,1
272,1942110000943,두산에너빌리티(주),"DOOSAN ENERBILITY CO., LTD.",두산에너빌리티,"[""박지원"", ""정연인"", ""박상현""]",6098104684,경상남도 창원시 성산구  두산볼보로 22 두산중공업 주식회사,,https://www.doosanenerbility.com/kr,055-278-6114,19620920,6233,20260915,1
273,1942110003096,신성델타테크(주),"SHINSUNG DELTA TECH CO., LTD",신성델타테크,"[""구본상"", ""이동한""]",6098107658,경상남도 창원시 성산구  공단로271번길 39 신성델타테크(주),,www.ssdelta.co.kr,055-260-1000,19871109,312,20260915,0
274,1942110014431,(주)씨티알모빌리티,"CTR Mobility Co.,Ltd.",씨티알모빌리티,"[""강상우"", ""최재흔""]",6228103825,울산광역시 북구 모듈화산업로 115,,www.ctrmobility.co.kr,052-290-1300,19940221,169,20260915,1
275,1942110025248,세아창원특수강 주식회사,SeAH Changwon Integrated Special Steel Corporation,세아창원특수강,"[""박건훈""]",6098129083,경상남도 창원시 성산구 적현로 147,,https://www.seahcss.co.kr/,02-6970-2398,19970214,1196,20260915,0
276,1942110032714,(주)에스에프에이,SFA Engineering Corporation,SFA,"[""김상경""]",6098135227,경기도 화성시 동탄면 영천로 38,,www.sfa.co.kr,031-379-1793,19981218,735,20260915,0
277,1942110036336,현대로템(주),Hyundai-Rotem Co.,현대로템,"[""이용배""]",6098137486,경상남도 창원시 의창구  창원대로 488,,www.hyundai-rotem.co.kr,055-273-1341,19990701,4541,20260915,1
278,1942110226226,(주)경남은행,"Kyongnam Bank Co., Ltd.",경남은행,"[""김태한""]",6088604478,경상남도 창원시 마산회원구 3.15대로 642 경남은행본점 경남은행본점,,www.knbank.co.kr,055-290-8000,20140508,2231,20260915,0
279,1954110007168,(주)아스트,"AeroSpace Technology of Korea, Inc.",아스트,"[""김두일""]",6138124511,경상남도 사천시 용현면 종포산단로 133 -,,www.astk.co.kr,055-851-7000,20010420,584,20260915,0
280,1955110052004,지에이치신소재(주),GH Advanced Materials Inc.,GH신소재,"[""유영진""]",6158122009,경상북도 구미시  1공단로4길 141-54,,www.ghglobal.co.kr,054-460-8100,20011207,122,20260915,0
281,1955110069249,(주)동국알앤에스,"DONGKUK REFRACTORIES & STEEL CO., LTD.",동국알앤에스,"[""남기성""]",6158135770,경상남도 김해시  상동면 상동로375번길 26-29 동국내화(주),,www.dkref.co.kr,051-550-5050,20040101,139,20260915,0
282,2001110076179,미래에셋캐피탈주식회사,"MIRAE ASSET CAPITAL CO., LTD.",미래에셋캐피탈,"[""정지광""]",4108140265,서울특별시 중구 을지로5길 26 미래에셋센터원 웨스트타워 6층,,capital.miraeasset.com,027879207,19970604,122,20260915,0
283,2047110003887,대한조선 주식회사,"DAEHAN SHIPBUILDING Co., Ltd.",대한조선,"[""왕삼동"", ""이석문""]",4178103223,전라남도 해남군 화원면 조선소길 498,,www.daehanship.com,061-531-0114,19870930,559,20260915,1
284,2052110005288,다스코(주),"Development  Advance Solution Co., Ltd.",다스코,"[""한상원"", ""한남철""]",4088125446,전라남도 화순군  동면 동농공길 26-2,,www.dasco.kr,061-370-2114,19960126,224,20260915,1
285,2062110018313,금호피앤비화학(주),"Kumho P&B Chemicals, INC.",금호피앤비화학,"[""이정복""]",4178121425,서울특별시 중구 청계천로 100 시그니처타워 동관 8층,,www.kpb.co.kr,6961-3447,20000710,276,20260915,0
286,2101110000043,(주)전북은행,THE JEONBUK BANK LTD,전북은행,"[""박춘원""]",4188107090,"전북특별자치도 전주시 덕진구 백제대로 566 (금암동, 전북은행빌딩)",,www.jbbank.co.kr,063-250-7114,19691210,1432,20260915,0
287,2101110118854,(주)디에이치오토리드,"DH AUTOLEAD Co.,Ltd.",DH오토리드,"[""이석근""]",7458600413,전라북도 완주군 봉동읍 완주산단8로 66,,www.dhautolead.co.kr,063-210-3900,20161004,230,20260915,0
288,2111110000042,페이퍼코리아(주),PaperCorea Inc.,페이퍼코리아,"[""문성운""]",4018100013,전라북도 군산시 외항로 1245 페이퍼코리아(주),,www.papercorea.co.kr,063-440-5000,19530606,158,20260915,1
289,2112110005321,우리손에프앤지 농업회사법인(주),"Woorison F&G CO., LTD.",우리손에프앤지,"[""조창현"", ""조광식""]",4048112594,전라남도 나주시 반남면 장송길 73,,www.woorisonfng.co.kr,041-563-1055,20010222,135,20260915,0
290,2149110034430,(주)하림,"HARIM Co., Ltd.",하림,"[""김홍국"", ""정호석""]",4038161113,전라북도 익산시  망성면 망성로 14 (주)하림,,-,063-860-2114,20110104,2564,20260915,0
291,2149110058927,솔루스첨단소재 주식회사,Solus Advanced Materials Co. Ltd.,솔루스첨단소재,"[""곽근만""]",6688101406,전북특별자치도 익산시 용안면 동지산안대길 46 -,,www.solusadvancedmaterials.com,031-8039-6301,20191001,198,20260915,1
292,2149110058935,두산퓨얼셀 주식회사,"Doosan Fuel Cell Co., Ltd.",두산퓨얼셀,"[""이두순"", ""윤재동""]",7738801177,전라북도 익산시 석암로7길 100 (팔봉동),,www.doosanfuelcell.com,063-722-2001,20191001,709,20260915,1
293,2201110050575,(주)제주항공,"JEJUAIR, CO., LTD.",제주항공,"[""김이배""]",6168150527,제주특별자치도 제주시 신대로 64 3층,,www.jejuair.net,070-7420-1986,20050125,3233,20260915,1
294,2301110052355,(주)한텍,HANTECH LTD.,한텍,"[""김강식""]",6108133200,울산광역시 울주군 온산읍 연자로 51,,hantechltd.com,052-270-3845,19981009,155,20260915,0
295,2301110060126,(주)세진중공업,"SEJIN HEAVY INDUSTRIES CO., LTD.",세진중공업,"[""김진종"", ""윤지원""]",6108137716,울산광역시 울주군 온산읍 당월로 216-18,,www.sejinheavy.com,052-231-8000,19990920,282,20260915,1
296,2301110312741,에이치디현대중공업(주),"HD HYUNDAI HEAVY INDUSTRIES CO.,LTD.",HD현대중공업,"[""이상균"", ""금석호""]",2528701412,울산광역시 동구 방어진순환도로 1000,,www.hhi.co.kr,052-202-2114,20190603,18880,20260915,1
297,2811110087640,(주)에코비트,"ECORBIT Co., Ltd.",에코비트,"[""임병용""]",1288198738,경기도 성남시 수정구 위례서일로 18,,www.ecorbit.com,02-6710-0514,20051117,218,20260915,0
298,2844110075258,DL에너지(주),"DL Energy Co., Ltd.",DL에너지,"[""정삼두""]",2318103444,경기도 포천시 창수면 포천로2797번길 17,,,02-6711-4953,20131231,32,20260915,0
299,2849110065613,(주)웅진씽크빅,"WOONGJIN THINKBIG CO., LTD.",웅진씽크빅,"[""윤승현""]",1418109131,경기도 파주시  회동길 20,,www.wjthinkbig.com,031-956-7000,20070509,1532,20260915,1
