episode_id,split,location_id,setting_name,setting_category,utterance_count,agent_count,target_agent_name,target_persona_id,target_persona_agent_count_in_episode
train_ep_001422,train,loc__royal_gardens__e410d0fe,Royal Gardens,Outside Palace,14,2,king,persona__f9e1d9295997,1
train_ep_001438,train,loc__princess_library__7426d41f,Princess' Library,Inside Palace,14,2,king,persona__f9e1d9295997,1
train_ep_001493,train,loc__inside_the_king_s_castle__afab450e,Inside the King's Castle,Inside Tower,14,2,king,persona__f9e1d9295997,1
train_ep_001494,train,loc__across_the_king_s_garden__82bbf802,Across the King's Garden,Trail,14,2,king,persona__f9e1d9295997,1
train_ep_001501,train,loc__entrance_to_castle__6ce4a988,Entrance to castle,Outside Castle,14,2,king,persona__f9e1d9295997,1
train_ep_001679,train,loc__castle_exit__5b525e0e,castle exit,Inside Castle,14,2,king,persona__f9e1d9295997,1
train_ep_001693,train,loc__apothecary__e264c143,Apothecary,Town,14,2,king,persona__f9e1d9295997,1
train_ep_001695,train,loc__dining_hall__10c40af2,Dining hall,Inside Castle,14,2,king,persona__f9e1d9295997,1
train_ep_001710,train,loc__bottlery__3ad26146,The Bottlery,Inside Castle,14,2,king,persona__f9e1d9295997,1
train_ep_001731,train,loc__countryside__9cff47d1,Countryside,Countryside,5,2,king,persona__f9e1d9295997,1
train_ep_001736,train,loc__main_foyer__ed99a45c,main foyer,Inside Castle,14,2,king,persona__f9e1d9295997,1
train_ep_001739,train,loc__town_center__f942e8bf,Town center,Town,14,2,king,persona__f9e1d9295997,1
train_ep_001755,train,loc__throne_room__f4977c99,Throne room,Inside Tower,14,2,king,persona__f9e1d9295997,1
train_ep_001779,train,loc__tub__271721b2,Tub,Inside Tower,14,2,king,persona__f9e1d9295997,1
train_ep_001781,train,loc__torture_equipment_storage_room__8c501a45,Torture equipment storage room,Dungeon,10,2,king,persona__f9e1d9295997,1
train_ep_001804,train,loc__blacksmith__c2428781,Blacksmith,Bazaar,14,2,king,persona__f9e1d9295997,1
train_ep_001810,train,loc__grand_balcony__41fccf30,Grand balcony,Inside Palace,14,2,king,persona__f9e1d9295997,1
train_ep_001812,train,loc__kitchens__dfd09a86,kitchens,Inside Tower,14,2,king,persona__f9e1d9295997,1
train_ep_001826,train,loc__confessions_room__d87965d0,Confessions room,Inside Church,12,2,king,persona__f9e1d9295997,1
train_ep_001838,train,loc__palace_entrance__fb45dbba,Palace Entrance,Inside Palace,14,2,king,persona__f9e1d9295997,1
train_ep_001876,train,loc__lower_dungeon_guard_room__f88d3041,The Lower Dungeon Guard Room,Dungeon,14,2,king,persona__f9e1d9295997,1
train_ep_002010,train,loc__royal_gardens__e410d0fe,Royal Gardens,Outside Palace,14,2,king,persona__f9e1d9295997,1
train_ep_002023,train,loc__princess_library__7426d41f,Princess' Library,Inside Palace,14,2,king,persona__f9e1d9295997,1
train_ep_002071,train,loc__inside_the_king_s_castle__afab450e,Inside the King's Castle,Inside Tower,2,2,king,persona__f9e1d9295997,1
train_ep_002073,train,loc__market_center__f92392bc,Market Center,Tavern,11,2,king,persona__f9e1d9295997,1
train_ep_002077,train,loc__entrance_to_castle__6ce4a988,Entrance to castle,Outside Castle,14,2,king,persona__f9e1d9295997,1
train_ep_002091,train,loc__king_s_quarters__b44e1648,King's Quarters,Shore,14,2,king,persona__f9e1d9295997,1
train_ep_002242,train,loc__great_armory__8a3248e6,Great Armory,Inside Castle,14,2,king,persona__f9e1d9295997,1
train_ep_002262,train,loc__castle_exit__5b525e0e,castle exit,Inside Castle,14,2,king,persona__f9e1d9295997,1
train_ep_002265,train,loc__washroom__050b06a4,washroom,Inside Castle,11,2,king,persona__f9e1d9295997,1
train_ep_002266,train,loc__balcony__d85f7317,Balcony,Inside Palace,10,2,king,persona__f9e1d9295997,1
train_ep_002267,train,loc__church_garden__56a741fe,Church garden,Outside Church,14,2,king,persona__f9e1d9295997,1
train_ep_002273,train,loc__apothecary__e264c143,Apothecary,Town,14,2,king,persona__f9e1d9295997,1
train_ep_002275,train,loc__main_castle_doors__e1f39f3b,main castle doors,Outside Palace,14,2,king,persona__f9e1d9295997,1
train_ep_002277,train,loc__dining_hall__10c40af2,Dining hall,Inside Castle,14,2,king,persona__f9e1d9295997,1
train_ep_002304,train,loc__royal_bathroom__f7f11309,Royal Bathroom,Inside Castle,14,2,king,persona__f9e1d9295997,1
train_ep_002312,train,loc__countryside__9cff47d1,Countryside,Countryside,14,2,king,persona__f9e1d9295997,1
train_ep_002317,train,loc__main_foyer__ed99a45c,main foyer,Inside Castle,14,2,king,persona__f9e1d9295997,1
train_ep_002351,train,loc__torture_equipment_storage_room__8c501a45,Torture equipment storage room,Dungeon,14,2,king,persona__f9e1d9295997,1
train_ep_002369,train,loc__courtyard_exterior__9602be9c,Courtyard exterior,Outside Palace,14,2,king,persona__f9e1d9295997,1
train_ep_002375,train,loc__blacksmith__c2428781,Blacksmith,Bazaar,12,2,king,persona__f9e1d9295997,1
train_ep_002383,train,loc__kitchens__dfd09a86,kitchens,Inside Tower,14,2,king,persona__f9e1d9295997,1
train_ep_002386,train,loc__secret_tunnel__57b3c615,Secret Tunnel,Inside Castle,14,2,king,persona__f9e1d9295997,1
train_ep_002405,train,loc__garden_courtyard__2530f6d1,The garden courtyard,Inside Castle,14,2,king,persona__f9e1d9295997,1
train_ep_002410,train,loc__palace_entrance__fb45dbba,Palace Entrance,Inside Palace,14,2,king,persona__f9e1d9295997,1
train_ep_002447,train,loc__lower_dungeon_guard_room__f88d3041,The Lower Dungeon Guard Room,Dungeon,14,2,king,persona__f9e1d9295997,1
train_ep_002531,train,loc__princess_library__7426d41f,Princess' Library,Inside Palace,14,2,king,persona__f9e1d9295997,1
train_ep_002579,train,loc__across_the_king_s_garden__82bbf802,Across the King's Garden,Trail,14,2,king,persona__f9e1d9295997,1
train_ep_002581,train,loc__market_center__f92392bc,Market Center,Tavern,14,2,king,persona__f9e1d9295997,1
train_ep_002586,train,loc__entrance_to_castle__6ce4a988,Entrance to castle,Outside Castle,14,2,king,persona__f9e1d9295997,1
train_ep_002595,train,loc__king_s_quarters__b44e1648,King's Quarters,Shore,9,2,king,persona__f9e1d9295997,1
train_ep_002790,train,loc__royal_gardens__e410d0fe,Royal Gardens,Outside Palace,14,2,king,persona__f9e1d9295997,1
train_ep_002805,train,loc__princess_library__7426d41f,Princess' Library,Inside Palace,14,2,king,persona__f9e1d9295997,1
train_ep_002865,train,loc__across_the_king_s_garden__82bbf802,Across the King's Garden,Trail,14,2,king,persona__f9e1d9295997,1
train_ep_002872,train,loc__entrance_to_castle__6ce4a988,Entrance to castle,Outside Castle,14,2,king,persona__f9e1d9295997,1
train_ep_003048,train,loc__great_armory__8a3248e6,Great Armory,Inside Castle,14,2,king,persona__f9e1d9295997,1
train_ep_003071,train,loc__washroom__050b06a4,washroom,Inside Castle,14,2,king,persona__f9e1d9295997,1
train_ep_003073,train,loc__balcony__d85f7317,Balcony,Inside Palace,14,2,king,persona__f9e1d9295997,1
train_ep_003080,train,loc__apothecary__e264c143,Apothecary,Town,14,2,king,persona__f9e1d9295997,1
train_ep_003082,train,loc__main_castle_doors__e1f39f3b,main castle doors,Outside Palace,13,2,king,persona__f9e1d9295997,1
train_ep_003084,train,loc__dining_hall__10c40af2,Dining hall,Inside Castle,14,2,king,persona__f9e1d9295997,1
train_ep_003111,train,loc__royal_bathroom__f7f11309,Royal Bathroom,Inside Castle,6,2,king,persona__f9e1d9295997,1
train_ep_003118,train,loc__countryside__9cff47d1,Countryside,Countryside,14,2,king,persona__f9e1d9295997,1
train_ep_003123,train,loc__main_foyer__ed99a45c,main foyer,Inside Castle,7,2,king,persona__f9e1d9295997,1
train_ep_003141,train,loc__throne_room__f4977c99,Throne room,Inside Tower,14,2,king,persona__f9e1d9295997,1
train_ep_003160,train,loc__lavoratory__9cb21908,Lavoratory,Inside Castle,14,2,king,persona__f9e1d9295997,1
train_ep_003165,train,loc__torture_equipment_storage_room__8c501a45,Torture equipment storage room,Dungeon,14,2,king,persona__f9e1d9295997,1
train_ep_003178,train,loc__courtyard_exterior__9602be9c,Courtyard exterior,Outside Palace,14,2,king,persona__f9e1d9295997,1
train_ep_003184,train,loc__blacksmith__c2428781,Blacksmith,Bazaar,14,2,king,persona__f9e1d9295997,1
train_ep_003193,train,loc__kitchens__dfd09a86,kitchens,Inside Tower,14,2,king,persona__f9e1d9295997,1
train_ep_003195,train,loc__secret_tunnel__57b3c615,Secret Tunnel,Inside Castle,14,2,king,persona__f9e1d9295997,1
train_ep_003200,train,loc__grand_balcony__41fccf30,Grand balcony,Inside Palace,14,2,king,persona__f9e1d9295997,1
train_ep_003208,train,loc__confessions_room__d87965d0,Confessions room,Inside Church,14,2,king,persona__f9e1d9295997,1
train_ep_003219,train,loc__palace_entrance__fb45dbba,Palace Entrance,Inside Palace,14,2,king,persona__f9e1d9295997,1
train_ep_003347,train,loc__princess_library__7426d41f,Princess' Library,Inside Palace,14,2,king,persona__f9e1d9295997,1
train_ep_003404,train,loc__inside_the_king_s_castle__afab450e,Inside the King's Castle,Inside Tower,14,2,king,persona__f9e1d9295997,1
train_ep_003405,train,loc__across_the_king_s_garden__82bbf802,Across the King's Garden,Trail,14,2,king,persona__f9e1d9295997,1
train_ep_003412,train,loc__entrance_to_castle__6ce4a988,Entrance to castle,Outside Castle,14,2,king,persona__f9e1d9295997,1
train_ep_003424,train,loc__king_s_quarters__b44e1648,King's Quarters,Shore,14,2,king,persona__f9e1d9295997,1
train_ep_003530,train,loc__castle_kitchen__b00392de,Castle Kitchen,Inside Castle,14,2,king,persona__f9e1d9295997,1
train_ep_003532,train,loc__debtor_s_prison__ea99977f,Debtor's Prison,Inside Tower,14,2,king,persona__f9e1d9295997,1
train_ep_003581,train,loc__great_armory__8a3248e6,Great Armory,Inside Castle,14,2,king,persona__f9e1d9295997,1
train_ep_003604,train,loc__washroom__050b06a4,washroom,Inside Castle,14,2,king,persona__f9e1d9295997,1
train_ep_003605,train,loc__balcony__d85f7317,Balcony,Inside Palace,14,2,king,persona__f9e1d9295997,1
train_ep_003607,train,loc__church_garden__56a741fe,Church garden,Outside Church,14,2,king,persona__f9e1d9295997,1
train_ep_003613,train,loc__apothecary__e264c143,Apothecary,Town,2,2,king,persona__f9e1d9295997,1
train_ep_003616,train,loc__dining_hall__10c40af2,Dining hall,Inside Castle,14,2,king,persona__f9e1d9295997,1
train_ep_003630,train,loc__bottlery__3ad26146,The Bottlery,Inside Castle,14,2,king,persona__f9e1d9295997,1
train_ep_003643,train,loc__royal_bathroom__f7f11309,Royal Bathroom,Inside Castle,7,2,king,persona__f9e1d9295997,1
train_ep_003694,train,loc__torture_equipment_storage_room__8c501a45,Torture equipment storage room,Dungeon,14,2,king,persona__f9e1d9295997,1
train_ep_003699,train,loc__basement__48719d32,Basement,Inside Castle,14,2,king,persona__f9e1d9295997,1
train_ep_003706,train,loc__courtyard_exterior__9602be9c,Courtyard exterior,Outside Palace,14,2,king,persona__f9e1d9295997,1
train_ep_003709,train,loc__blacksmith__c2428781,Blacksmith,Bazaar,14,2,king,persona__f9e1d9295997,1
train_ep_003718,train,loc__kitchens__dfd09a86,kitchens,Inside Tower,14,2,king,persona__f9e1d9295997,1
train_ep_003723,train,loc__grand_balcony__41fccf30,Grand balcony,Inside Palace,14,2,king,persona__f9e1d9295997,1
train_ep_003738,train,loc__garden_courtyard__2530f6d1,The garden courtyard,Inside Castle,14,2,king,persona__f9e1d9295997,1
train_ep_003807,train,loc__royal_gardens__e410d0fe,Royal Gardens,Outside Palace,14,2,king,persona__f9e1d9295997,1
train_ep_003895,train,loc__king_s_quarters__b44e1648,King's Quarters,Shore,2,2,king,persona__f9e1d9295997,1
train_ep_004048,train,loc__great_armory__8a3248e6,Great Armory,Inside Castle,14,2,king,persona__f9e1d9295997,1
train_ep_004068,train,loc__washroom__050b06a4,washroom,Inside Castle,14,2,king,persona__f9e1d9295997,1
train_ep_004080,train,loc__apothecary__e264c143,Apothecary,Town,14,2,king,persona__f9e1d9295997,1
train_ep_004084,train,loc__dining_hall__10c40af2,Dining hall,Inside Castle,14,2,king,persona__f9e1d9295997,1
train_ep_004098,train,loc__bottlery__3ad26146,The Bottlery,Inside Castle,14,2,king,persona__f9e1d9295997,1
train_ep_004111,train,loc__royal_bathroom__f7f11309,Royal Bathroom,Inside Castle,14,2,king,persona__f9e1d9295997,1
train_ep_004120,train,loc__countryside__9cff47d1,Countryside,Countryside,14,2,king,persona__f9e1d9295997,1
train_ep_004124,train,loc__main_foyer__ed99a45c,main foyer,Inside Castle,14,2,king,persona__f9e1d9295997,1
train_ep_004145,train,loc__throne_room__f4977c99,Throne room,Inside Tower,14,2,king,persona__f9e1d9295997,1
train_ep_004163,train,loc__lavoratory__9cb21908,Lavoratory,Inside Castle,14,2,king,persona__f9e1d9295997,1
train_ep_004190,train,loc__blacksmith__c2428781,Blacksmith,Bazaar,14,2,king,persona__f9e1d9295997,1
train_ep_004200,train,loc__kitchens__dfd09a86,kitchens,Inside Tower,14,2,king,persona__f9e1d9295997,1
train_ep_004202,train,loc__secret_tunnel__57b3c615,Secret Tunnel,Inside Castle,14,2,king,persona__f9e1d9295997,1
train_ep_004208,train,loc__grand_balcony__41fccf30,Grand balcony,Inside Palace,14,2,king,persona__f9e1d9295997,1
train_ep_004228,train,loc__palace_entrance__fb45dbba,Palace Entrance,Inside Palace,14,2,king,persona__f9e1d9295997,1
train_ep_004268,train,loc__lower_dungeon_guard_room__f88d3041,The Lower Dungeon Guard Room,Dungeon,14,2,king,persona__f9e1d9295997,1
train_ep_004414,train,loc__across_the_king_s_garden__82bbf802,Across the King's Garden,Trail,10,2,king,persona__f9e1d9295997,1
train_ep_004421,train,loc__entrance_to_castle__6ce4a988,Entrance to castle,Outside Castle,14,2,king,persona__f9e1d9295997,1
train_ep_004434,train,loc__king_s_quarters__b44e1648,King's Quarters,Shore,14,2,king,persona__f9e1d9295997,1
train_ep_004539,train,loc__castle_kitchen__b00392de,Castle Kitchen,Inside Castle,14,2,king,persona__f9e1d9295997,1
train_ep_004584,train,loc__great_armory__8a3248e6,Great Armory,Inside Castle,9,2,king,persona__f9e1d9295997,1
train_ep_004601,train,loc__castle_exit__5b525e0e,castle exit,Inside Castle,14,2,king,persona__f9e1d9295997,1
train_ep_004608,train,loc__apothecary__e264c143,Apothecary,Town,14,2,king,persona__f9e1d9295997,1
train_ep_004615,train,loc__main_castle_doors__e1f39f3b,main castle doors,Outside Palace,14,2,king,persona__f9e1d9295997,1
train_ep_004617,train,loc__dining_hall__10c40af2,Dining hall,Inside Castle,5,2,king,persona__f9e1d9295997,1
train_ep_004637,train,loc__royal_bathroom__f7f11309,Royal Bathroom,Inside Castle,14,2,king,persona__f9e1d9295997,1
train_ep_004652,train,loc__town_center__f942e8bf,Town center,Town,14,2,king,persona__f9e1d9295997,1
train_ep_004686,train,loc__tub__271721b2,Tub,Inside Tower,14,2,king,persona__f9e1d9295997,1
train_ep_004688,train,loc__torture_equipment_storage_room__8c501a45,Torture equipment storage room,Dungeon,14,2,king,persona__f9e1d9295997,1
train_ep_004845,train,loc__castle_kitchen__b00392de,Castle Kitchen,Inside Castle,14,2,king,persona__f9e1d9295997,1
train_ep_004924,train,loc__washroom__050b06a4,washroom,Inside Castle,14,2,king,persona__f9e1d9295997,1
train_ep_004927,train,loc__balcony__d85f7317,Balcony,Inside Palace,14,2,king,persona__f9e1d9295997,1
train_ep_004934,train,loc__apothecary__e264c143,Apothecary,Town,14,2,king,persona__f9e1d9295997,1
train_ep_004936,train,loc__main_castle_doors__e1f39f3b,main castle doors,Outside Palace,14,2,king,persona__f9e1d9295997,1
train_ep_004938,train,loc__dining_hall__10c40af2,Dining hall,Inside Castle,14,2,king,persona__f9e1d9295997,1
train_ep_004953,train,loc__bottlery__3ad26146,The Bottlery,Inside Castle,14,2,king,persona__f9e1d9295997,1
train_ep_004966,train,loc__royal_bathroom__f7f11309,Royal Bathroom,Inside Castle,14,2,king,persona__f9e1d9295997,1
train_ep_004979,train,loc__main_foyer__ed99a45c,main foyer,Inside Castle,14,2,king,persona__f9e1d9295997,1
train_ep_004982,train,loc__town_center__f942e8bf,Town center,Town,14,2,king,persona__f9e1d9295997,1
train_ep_005001,train,loc__throne_room__f4977c99,Throne room,Inside Tower,14,2,king,persona__f9e1d9295997,1
train_ep_005024,train,loc__tub__271721b2,Tub,Inside Tower,14,2,king,persona__f9e1d9295997,1
train_ep_005026,train,loc__torture_equipment_storage_room__8c501a45,Torture equipment storage room,Dungeon,14,2,king,persona__f9e1d9295997,1
train_ep_005050,train,loc__blacksmith__c2428781,Blacksmith,Bazaar,14,2,king,persona__f9e1d9295997,1
train_ep_005060,train,loc__kitchens__dfd09a86,kitchens,Inside Tower,14,2,king,persona__f9e1d9295997,1
train_ep_005062,train,loc__secret_tunnel__57b3c615,Secret Tunnel,Inside Castle,14,2,king,persona__f9e1d9295997,1
train_ep_005066,train,loc__attic__0535c94e,attic,Inside Palace,14,2,king,persona__f9e1d9295997,1
train_ep_005067,train,loc__grand_balcony__41fccf30,Grand balcony,Inside Palace,14,2,king,persona__f9e1d9295997,1
train_ep_005088,train,loc__palace_entrance__fb45dbba,Palace Entrance,Inside Palace,14,2,king,persona__f9e1d9295997,1
train_ep_005128,train,loc__lower_dungeon_guard_room__f88d3041,The Lower Dungeon Guard Room,Dungeon,14,2,king,persona__f9e1d9295997,1
train_ep_005209,train,loc__princess_library__7426d41f,Princess' Library,Inside Palace,14,1,king,persona__f9e1d9295997,1
train_ep_005230,train,loc__treasure_room__5acf31fd,Treasure Room,Inside Castle,14,2,king,persona__f9e1d9295997,1
train_ep_005263,train,loc__across_the_king_s_garden__82bbf802,Across the King's Garden,Trail,11,2,king,persona__f9e1d9295997,1
train_ep_005265,train,loc__market_center__f92392bc,Market Center,Tavern,14,2,king,persona__f9e1d9295997,1
train_ep_005270,train,loc__entrance_to_castle__6ce4a988,Entrance to castle,Outside Castle,14,2,king,persona__f9e1d9295997,1
train_ep_005281,train,loc__king_s_quarters__b44e1648,King's Quarters,Shore,14,2,king,persona__f9e1d9295997,1
train_ep_005393,train,loc__debtor_s_prison__ea99977f,Debtor's Prison,Inside Tower,14,2,king,persona__f9e1d9295997,1
train_ep_005464,train,loc__castle_exit__5b525e0e,castle exit,Inside Castle,14,2,king,persona__f9e1d9295997,1
train_ep_005473,train,loc__apothecary__e264c143,Apothecary,Town,14,2,king,persona__f9e1d9295997,1
train_ep_005477,train,loc__dining_hall__10c40af2,Dining hall,Inside Castle,14,2,king,persona__f9e1d9295997,1
train_ep_005513,train,loc__main_foyer__ed99a45c,main foyer,Inside Castle,14,2,king,persona__f9e1d9295997,1
train_ep_005517,train,loc__town_center__f942e8bf,Town center,Town,14,2,king,persona__f9e1d9295997,1
train_ep_005536,train,loc__throne_room__f4977c99,Throne room,Inside Tower,14,2,king,persona__f9e1d9295997,1
train_ep_005557,train,loc__lavoratory__9cb21908,Lavoratory,Inside Castle,14,2,king,persona__f9e1d9295997,1
train_ep_005560,train,loc__tub__271721b2,Tub,Inside Tower,14,2,king,persona__f9e1d9295997,1
train_ep_005562,train,loc__torture_equipment_storage_room__8c501a45,Torture equipment storage room,Dungeon,14,2,king,persona__f9e1d9295997,1
train_ep_005567,train,loc__basement__48719d32,Basement,Inside Castle,14,2,king,persona__f9e1d9295997,1
train_ep_005583,train,loc__blacksmith__c2428781,Blacksmith,Bazaar,14,2,king,persona__f9e1d9295997,1
train_ep_005594,train,loc__kitchens__dfd09a86,kitchens,Inside Tower,14,2,king,persona__f9e1d9295997,1
train_ep_005596,train,loc__secret_tunnel__57b3c615,Secret Tunnel,Inside Castle,14,1,king,persona__f9e1d9295997,1
train_ep_005601,train,loc__grand_balcony__41fccf30,Grand balcony,Inside Palace,14,2,king,persona__f9e1d9295997,1
train_ep_005624,train,loc__palace_entrance__fb45dbba,Palace Entrance,Inside Palace,14,2,king,persona__f9e1d9295997,1
train_ep_005749,train,loc__princess_library__7426d41f,Princess' Library,Inside Palace,14,2,king,persona__f9e1d9295997,1
train_ep_005803,train,loc__across_the_king_s_garden__82bbf802,Across the King's Garden,Trail,14,2,king,persona__f9e1d9295997,1
train_ep_005805,train,loc__market_center__f92392bc,Market Center,Tavern,14,2,king,persona__f9e1d9295997,1
train_ep_005809,train,loc__entrance_to_castle__6ce4a988,Entrance to castle,Outside Castle,5,2,king,persona__f9e1d9295997,1
train_ep_006019,train,loc__washroom__050b06a4,washroom,Inside Castle,14,2,king,persona__f9e1d9295997,1
train_ep_006021,train,loc__balcony__d85f7317,Balcony,Inside Palace,14,2,king,persona__f9e1d9295997,1
train_ep_006023,train,loc__church_garden__56a741fe,Church garden,Outside Church,14,2,king,persona__f9e1d9295997,1
train_ep_006029,train,loc__apothecary__e264c143,Apothecary,Town,14,2,king,persona__f9e1d9295997,1
train_ep_006055,train,loc__royal_bathroom__f7f11309,Royal Bathroom,Inside Castle,14,2,king,persona__f9e1d9295997,1
train_ep_006066,train,loc__main_foyer__ed99a45c,main foyer,Inside Castle,14,2,king,persona__f9e1d9295997,1
train_ep_006068,train,loc__town_center__f942e8bf,Town center,Town,3,2,king,persona__f9e1d9295997,1
train_ep_006087,train,loc__throne_room__f4977c99,Throne room,Inside Tower,14,2,king,persona__f9e1d9295997,1
train_ep_006108,train,loc__torture_equipment_storage_room__8c501a45,Torture equipment storage room,Dungeon,14,2,king,persona__f9e1d9295997,1
train_ep_006131,train,loc__blacksmith__c2428781,Blacksmith,Bazaar,14,2,king,persona__f9e1d9295997,1
train_ep_006141,train,loc__kitchens__dfd09a86,kitchens,Inside Tower,14,2,king,persona__f9e1d9295997,1
train_ep_006142,train,loc__secret_tunnel__57b3c615,Secret Tunnel,Inside Castle,5,2,king,persona__f9e1d9295997,1
train_ep_006147,train,loc__grand_balcony__41fccf30,Grand balcony,Inside Palace,14,2,king,persona__f9e1d9295997,1
train_ep_006161,train,loc__garden_courtyard__2530f6d1,The garden courtyard,Inside Castle,14,2,king,persona__f9e1d9295997,1
train_ep_006166,train,loc__palace_entrance__fb45dbba,Palace Entrance,Inside Palace,13,2,king,persona__f9e1d9295997,1
train_ep_006486,train,loc__great_armory__8a3248e6,Great Armory,Inside Castle,14,2,king,persona__f9e1d9295997,1
train_ep_006509,train,loc__washroom__050b06a4,washroom,Inside Castle,13,2,king,persona__f9e1d9295997,1
train_ep_006518,train,loc__apothecary__e264c143,Apothecary,Town,14,2,king,persona__f9e1d9295997,1
train_ep_006519,train,loc__main_castle_doors__e1f39f3b,main castle doors,Outside Palace,14,2,king,persona__f9e1d9295997,1
train_ep_006534,train,loc__bottlery__3ad26146,The Bottlery,Inside Castle,14,2,king,persona__f9e1d9295997,1
train_ep_006575,train,loc__throne_room__f4977c99,Throne room,Inside Tower,14,2,king,persona__f9e1d9295997,1
train_ep_006603,train,loc__basement__48719d32,Basement,Inside Castle,3,2,king,persona__f9e1d9295997,1
train_ep_006614,train,loc__courtyard_exterior__9602be9c,Courtyard exterior,Outside Palace,14,2,king,persona__f9e1d9295997,1
train_ep_006631,train,loc__kitchens__dfd09a86,kitchens,Inside Tower,14,2,king,persona__f9e1d9295997,1
train_ep_006633,train,loc__secret_tunnel__57b3c615,Secret Tunnel,Inside Castle,14,2,king,persona__f9e1d9295997,1
train_ep_006638,train,loc__grand_balcony__41fccf30,Grand balcony,Inside Palace,14,2,king,persona__f9e1d9295997,1
train_ep_006696,train,loc__lower_dungeon_guard_room__f88d3041,The Lower Dungeon Guard Room,Dungeon,14,2,king,persona__f9e1d9295997,1
train_ep_006837,train,loc__inside_the_king_s_castle__afab450e,Inside the King's Castle,Inside Tower,14,2,king,persona__f9e1d9295997,1
train_ep_006840,train,loc__market_center__f92392bc,Market Center,Tavern,14,2,king,persona__f9e1d9295997,1
train_ep_006845,train,loc__entrance_to_castle__6ce4a988,Entrance to castle,Outside Castle,9,2,king,persona__f9e1d9295997,1
train_ep_006858,train,loc__king_s_quarters__b44e1648,King's Quarters,Shore,14,2,king,persona__f9e1d9295997,1
train_ep_006961,train,loc__debtor_s_prison__ea99977f,Debtor's Prison,Inside Tower,14,2,king,persona__f9e1d9295997,1
train_ep_007005,train,loc__great_armory__8a3248e6,Great Armory,Inside Castle,14,2,king,persona__f9e1d9295997,1
train_ep_007028,train,loc__castle_exit__5b525e0e,castle exit,Inside Castle,14,2,king,persona__f9e1d9295997,1
train_ep_007031,train,loc__washroom__050b06a4,washroom,Inside Castle,14,2,king,persona__f9e1d9295997,1
train_ep_007033,train,loc__church_garden__56a741fe,Church garden,Outside Church,14,2,king,persona__f9e1d9295997,1
train_ep_007038,train,loc__apothecary__e264c143,Apothecary,Town,14,2,king,persona__f9e1d9295997,1
train_ep_007066,train,loc__royal_bathroom__f7f11309,Royal Bathroom,Inside Castle,14,2,king,persona__f9e1d9295997,1
train_ep_007120,train,loc__lavoratory__9cb21908,Lavoratory,Inside Castle,14,2,king,persona__f9e1d9295997,1
train_ep_007123,train,loc__tub__271721b2,Tub,Inside Tower,6,2,king,persona__f9e1d9295997,1
train_ep_007125,train,loc__torture_equipment_storage_room__8c501a45,Torture equipment storage room,Dungeon,14,2,king,persona__f9e1d9295997,1
train_ep_007147,train,loc__blacksmith__c2428781,Blacksmith,Bazaar,14,2,king,persona__f9e1d9295997,1
train_ep_007158,train,loc__kitchens__dfd09a86,kitchens,Inside Tower,14,2,king,persona__f9e1d9295997,1
train_ep_007160,train,loc__secret_tunnel__57b3c615,Secret Tunnel,Inside Castle,14,2,king,persona__f9e1d9295997,1
train_ep_007165,train,loc__attic__0535c94e,attic,Inside Palace,14,2,king,persona__f9e1d9295997,1
train_ep_007166,train,loc__grand_balcony__41fccf30,Grand balcony,Inside Palace,14,2,king,persona__f9e1d9295997,1
train_ep_007182,train,loc__garden_courtyard__2530f6d1,The garden courtyard,Inside Castle,14,2,king,persona__f9e1d9295997,1
train_ep_007220,train,loc__lower_dungeon_guard_room__f88d3041,The Lower Dungeon Guard Room,Dungeon,14,2,king,persona__f9e1d9295997,1
train_ep_007363,train,loc__market_center__f92392bc,Market Center,Tavern,14,2,king,persona__f9e1d9295997,1
train_ep_007581,train,loc__great_armory__8a3248e6,Great Armory,Inside Castle,14,2,king,persona__f9e1d9295997,1
train_ep_007601,train,loc__castle_exit__5b525e0e,castle exit,Inside Castle,14,2,king,persona__f9e1d9295997,1
train_ep_007605,train,loc__balcony__d85f7317,Balcony,Inside Palace,14,2,king,persona__f9e1d9295997,1
train_ep_007607,train,loc__church_garden__56a741fe,Church garden,Outside Church,7,2,king,persona__f9e1d9295997,1
train_ep_007613,train,loc__apothecary__e264c143,Apothecary,Town,14,2,king,persona__f9e1d9295997,1
train_ep_007615,train,loc__main_castle_doors__e1f39f3b,main castle doors,Outside Palace,14,2,king,persona__f9e1d9295997,1
train_ep_007617,train,loc__dining_hall__10c40af2,Dining hall,Inside Castle,14,2,king,persona__f9e1d9295997,1
train_ep_007631,train,loc__bottlery__3ad26146,The Bottlery,Inside Castle,14,2,king,persona__f9e1d9295997,1
train_ep_007644,train,loc__royal_bathroom__f7f11309,Royal Bathroom,Inside Castle,14,2,king,persona__f9e1d9295997,1
train_ep_007651,train,loc__countryside__9cff47d1,Countryside,Countryside,14,2,king,persona__f9e1d9295997,1
train_ep_007654,train,loc__main_foyer__ed99a45c,main foyer,Inside Castle,14,2,king,persona__f9e1d9295997,1
train_ep_007657,train,loc__town_center__f942e8bf,Town center,Town,14,2,king,persona__f9e1d9295997,1
train_ep_007673,train,loc__throne_room__f4977c99,Throne room,Inside Tower,14,2,king,persona__f9e1d9295997,1
train_ep_007693,train,loc__lavoratory__9cb21908,Lavoratory,Inside Castle,14,2,king,persona__f9e1d9295997,1
train_ep_007696,train,loc__tub__271721b2,Tub,Inside Tower,14,2,king,persona__f9e1d9295997,1
train_ep_007702,train,loc__basement__48719d32,Basement,Inside Castle,14,2,king,persona__f9e1d9295997,1
train_ep_007712,train,loc__courtyard_exterior__9602be9c,Courtyard exterior,Outside Palace,14,2,king,persona__f9e1d9295997,1
train_ep_007718,train,loc__blacksmith__c2428781,Blacksmith,Bazaar,4,2,king,persona__f9e1d9295997,1
train_ep_007727,train,loc__kitchens__dfd09a86,kitchens,Inside Tower,14,2,king,persona__f9e1d9295997,1
train_ep_007729,train,loc__secret_tunnel__57b3c615,Secret Tunnel,Inside Castle,14,2,king,persona__f9e1d9295997,1
train_ep_007734,train,loc__grand_balcony__41fccf30,Grand balcony,Inside Palace,14,2,king,persona__f9e1d9295997,1
train_ep_007742,train,loc__confessions_room__d87965d0,Confessions room,Inside Church,14,2,king,persona__f9e1d9295997,1
train_ep_007749,train,loc__garden_courtyard__2530f6d1,The garden courtyard,Inside Castle,14,2,king,persona__f9e1d9295997,1
train_ep_007754,train,loc__palace_entrance__fb45dbba,Palace Entrance,Inside Palace,14,2,king,persona__f9e1d9295997,1
train_ep_007861,train,loc__royal_gardens__e410d0fe,Royal Gardens,Outside Palace,14,2,king,persona__f9e1d9295997,1
train_ep_007876,train,loc__princess_library__7426d41f,Princess' Library,Inside Palace,14,2,king,persona__f9e1d9295997,1
train_ep_007899,train,loc__treasure_room__5acf31fd,Treasure Room,Inside Castle,14,2,king,persona__f9e1d9295997,1
train_ep_007940,train,loc__entrance_to_castle__6ce4a988,Entrance to castle,Outside Castle,14,2,king,persona__f9e1d9295997,1
train_ep_007954,train,loc__king_s_quarters__b44e1648,King's Quarters,Shore,14,2,king,persona__f9e1d9295997,1
train_ep_008140,train,loc__castle_exit__5b525e0e,castle exit,Inside Castle,14,2,king,persona__f9e1d9295997,1
train_ep_008143,train,loc__washroom__050b06a4,washroom,Inside Castle,14,2,king,persona__f9e1d9295997,1
train_ep_008145,train,loc__balcony__d85f7317,Balcony,Inside Palace,14,2,king,persona__f9e1d9295997,1
train_ep_008147,train,loc__church_garden__56a741fe,Church garden,Outside Church,14,2,king,persona__f9e1d9295997,1
train_ep_008152,train,loc__apothecary__e264c143,Apothecary,Town,14,2,king,persona__f9e1d9295997,1
train_ep_008155,train,loc__main_castle_doors__e1f39f3b,main castle doors,Outside Palace,14,2,king,persona__f9e1d9295997,1
train_ep_008157,train,loc__dining_hall__10c40af2,Dining hall,Inside Castle,14,2,king,persona__f9e1d9295997,1
train_ep_008215,train,loc__throne_room__f4977c99,Throne room,Inside Tower,14,2,king,persona__f9e1d9295997,1
train_ep_008236,train,loc__lavoratory__9cb21908,Lavoratory,Inside Castle,9,2,king,persona__f9e1d9295997,1
train_ep_008244,train,loc__basement__48719d32,Basement,Inside Castle,14,2,king,persona__f9e1d9295997,1
train_ep_008258,train,loc__blacksmith__c2428781,Blacksmith,Bazaar,14,2,king,persona__f9e1d9295997,1
train_ep_008270,train,loc__kitchens__dfd09a86,kitchens,Inside Tower,14,2,king,persona__f9e1d9295997,1
train_ep_008272,train,loc__secret_tunnel__57b3c615,Secret Tunnel,Inside Castle,14,2,king,persona__f9e1d9295997,1
train_ep_008277,train,loc__attic__0535c94e,attic,Inside Palace,8,2,king,persona__f9e1d9295997,1
train_ep_008278,train,loc__grand_balcony__41fccf30,Grand balcony,Inside Palace,14,2,king,persona__f9e1d9295997,1
train_ep_008286,train,loc__confessions_room__d87965d0,Confessions room,Inside Church,14,2,king,persona__f9e1d9295997,1
train_ep_008299,train,loc__palace_entrance__fb45dbba,Palace Entrance,Inside Palace,14,2,king,persona__f9e1d9295997,1
train_ep_008338,train,loc__lower_dungeon_guard_room__f88d3041,The Lower Dungeon Guard Room,Dungeon,14,2,king,persona__f9e1d9295997,1
train_ep_008484,train,loc__across_the_king_s_garden__82bbf802,Across the King's Garden,Trail,14,2,king,persona__f9e1d9295997,1
train_ep_008618,train,loc__debtor_s_prison__ea99977f,Debtor's Prison,Inside Tower,14,2,king,persona__f9e1d9295997,1
train_ep_008671,train,loc__great_armory__8a3248e6,Great Armory,Inside Castle,14,2,king,persona__f9e1d9295997,1
train_ep_008694,train,loc__castle_exit__5b525e0e,castle exit,Inside Castle,14,2,king,persona__f9e1d9295997,1
train_ep_008697,train,loc__washroom__050b06a4,washroom,Inside Castle,14,2,king,persona__f9e1d9295997,1
train_ep_008699,train,loc__balcony__d85f7317,Balcony,Inside Palace,5,2,king,persona__f9e1d9295997,1
train_ep_008705,train,loc__apothecary__e264c143,Apothecary,Town,14,2,king,persona__f9e1d9295997,1
train_ep_008723,train,loc__bottlery__3ad26146,The Bottlery,Inside Castle,14,2,king,persona__f9e1d9295997,1
train_ep_008725,train,loc__castle_kitchens__6834f5a3,Castle Kitchens,Inside Palace,14,2,king,persona__f9e1d9295997,1
train_ep_008735,train,loc__royal_bathroom__f7f11309,Royal Bathroom,Inside Castle,14,2,king,persona__f9e1d9295997,1
train_ep_008741,train,loc__countryside__9cff47d1,Countryside,Countryside,14,2,king,persona__f9e1d9295997,1
train_ep_008787,train,loc__lavoratory__9cb21908,Lavoratory,Inside Castle,14,2,king,persona__f9e1d9295997,1
train_ep_008803,train,loc__courtyard_exterior__9602be9c,Courtyard exterior,Outside Palace,14,2,king,persona__f9e1d9295997,1
train_ep_008820,train,loc__kitchens__dfd09a86,kitchens,Inside Tower,14,2,king,persona__f9e1d9295997,1
train_ep_008822,train,loc__secret_tunnel__57b3c615,Secret Tunnel,Inside Castle,14,2,king,persona__f9e1d9295997,1
train_ep_008827,train,loc__attic__0535c94e,attic,Inside Palace,14,2,king,persona__f9e1d9295997,1
train_ep_008828,train,loc__grand_balcony__41fccf30,Grand balcony,Inside Palace,14,2,king,persona__f9e1d9295997,1
train_ep_008845,train,loc__garden_courtyard__2530f6d1,The garden courtyard,Inside Castle,14,2,king,persona__f9e1d9295997,1
train_ep_009029,train,loc__across_the_king_s_garden__82bbf802,Across the King's Garden,Trail,14,2,king,persona__f9e1d9295997,1
train_ep_009037,train,loc__entrance_to_castle__6ce4a988,Entrance to castle,Outside Castle,14,2,king,persona__f9e1d9295997,1
train_ep_009229,train,loc__great_armory__8a3248e6,Great Armory,Inside Castle,14,2,king,persona__f9e1d9295997,1
train_ep_009254,train,loc__washroom__050b06a4,washroom,Inside Castle,14,2,king,persona__f9e1d9295997,1
train_ep_009258,train,loc__church_garden__56a741fe,Church garden,Outside Church,14,2,king,persona__f9e1d9295997,1
train_ep_009264,train,loc__apothecary__e264c143,Apothecary,Town,14,2,king,persona__f9e1d9295997,1
train_ep_009265,train,loc__main_castle_doors__e1f39f3b,main castle doors,Outside Palace,14,2,king,persona__f9e1d9295997,1
train_ep_009283,train,loc__castle_kitchens__6834f5a3,Castle Kitchens,Inside Palace,14,2,king,persona__f9e1d9295997,1
train_ep_009327,train,loc__throne_room__f4977c99,Throne room,Inside Tower,14,2,king,persona__f9e1d9295997,1
train_ep_009349,train,loc__lavoratory__9cb21908,Lavoratory,Inside Castle,14,2,king,persona__f9e1d9295997,1
train_ep_009352,train,loc__tub__271721b2,Tub,Inside Tower,14,2,king,persona__f9e1d9295997,1
train_ep_009354,train,loc__torture_equipment_storage_room__8c501a45,Torture equipment storage room,Dungeon,14,2,king,persona__f9e1d9295997,1
train_ep_009370,train,loc__blacksmith__c2428781,Blacksmith,Bazaar,14,2,king,persona__f9e1d9295997,1
train_ep_009379,train,loc__kitchens__dfd09a86,kitchens,Inside Tower,14,2,king,persona__f9e1d9295997,1
train_ep_009381,train,loc__secret_tunnel__57b3c615,Secret Tunnel,Inside Castle,14,2,king,persona__f9e1d9295997,1
train_ep_009387,train,loc__grand_balcony__41fccf30,Grand balcony,Inside Palace,14,2,king,persona__f9e1d9295997,1
train_ep_009409,train,loc__palace_entrance__fb45dbba,Palace Entrance,Inside Palace,14,2,king,persona__f9e1d9295997,1
train_ep_009520,train,loc__royal_gardens__e410d0fe,Royal Gardens,Outside Palace,14,2,king,persona__f9e1d9295997,1
train_ep_009593,train,loc__inside_the_king_s_castle__afab450e,Inside the King's Castle,Inside Tower,14,2,king,persona__f9e1d9295997,1
train_ep_009594,train,loc__across_the_king_s_garden__82bbf802,Across the King's Garden,Trail,14,2,king,persona__f9e1d9295997,1
train_ep_009601,train,loc__entrance_to_castle__6ce4a988,Entrance to castle,Outside Castle,14,2,king,persona__f9e1d9295997,1
train_ep_009615,train,loc__king_s_quarters__b44e1648,King's Quarters,Shore,14,2,king,persona__f9e1d9295997,1
train_ep_009721,train,loc__debtor_s_prison__ea99977f,Debtor's Prison,Inside Tower,14,2,king,persona__f9e1d9295997,1
train_ep_009771,train,loc__great_armory__8a3248e6,Great Armory,Inside Castle,14,2,king,persona__f9e1d9295997,1
train_ep_009793,train,loc__washroom__050b06a4,washroom,Inside Castle,14,2,king,persona__f9e1d9295997,1
train_ep_009797,train,loc__church_garden__56a741fe,Church garden,Outside Church,14,2,king,persona__f9e1d9295997,1
train_ep_009802,train,loc__apothecary__e264c143,Apothecary,Town,7,2,king,persona__f9e1d9295997,1
train_ep_009805,train,loc__dining_hall__10c40af2,Dining hall,Inside Castle,14,2,king,persona__f9e1d9295997,1
train_ep_009837,train,loc__attic__0535c94e,attic,Inside Palace,1,2,king,persona__f9e1d9295997,1
train_ep_009880,train,loc__lavoratory__9cb21908,Lavoratory,Inside Castle,1,2,king,persona__f9e1d9295997,1
train_ep_009884,train,loc__grand_balcony__41fccf30,Grand balcony,Inside Palace,1,2,king,persona__f9e1d9295997,1
train_ep_009901,train,loc__debtor_s_prison__ea99977f,Debtor's Prison,Inside Tower,1,2,king,persona__f9e1d9295997,1
train_ep_009958,train,loc__secret_tunnel__57b3c615,Secret Tunnel,Inside Castle,1,2,king,persona__f9e1d9295997,1
train_ep_010042,train,loc__washroom__050b06a4,washroom,Inside Castle,1,2,king,persona__f9e1d9295997,1
train_ep_010044,train,loc__royal_bathroom__f7f11309,Royal Bathroom,Inside Castle,1,2,king,persona__f9e1d9295997,1
train_ep_010061,train,loc__castle_exit__5b525e0e,castle exit,Inside Castle,1,2,king,persona__f9e1d9295997,1
train_ep_010092,train,loc__tub__271721b2,Tub,Inside Tower,1,2,king,persona__f9e1d9295997,1
train_ep_010147,train,loc__king_s_quarters__b44e1648,King's Quarters,Shore,1,2,king,persona__f9e1d9295997,1
train_ep_010162,train,loc__washroom__050b06a4,washroom,Inside Castle,1,2,king,persona__f9e1d9295997,1
train_ep_010176,train,loc__lower_dungeon_guard_room__f88d3041,The Lower Dungeon Guard Room,Dungeon,1,2,king,persona__f9e1d9295997,1
train_ep_010195,train,loc__main_foyer__ed99a45c,main foyer,Inside Castle,1,2,king,persona__f9e1d9295997,1
train_ep_010216,train,loc__torture_equipment_storage_room__8c501a45,Torture equipment storage room,Dungeon,1,2,king,persona__f9e1d9295997,1
train_ep_010223,train,loc__lower_dungeon_guard_room__f88d3041,The Lower Dungeon Guard Room,Dungeon,1,2,king,persona__f9e1d9295997,1
train_ep_010239,train,loc__basement__48719d32,Basement,Inside Castle,1,2,king,persona__f9e1d9295997,1
train_ep_010243,train,loc__courtyard_exterior__9602be9c,Courtyard exterior,Outside Palace,1,2,king,persona__f9e1d9295997,1
