basDt,crno,sbrdEnpNm,sbrdEnpEstbDt,sbrdEnpadr,sbrdEnpMainBizCtt,dntRltBsisCtt,mainSbrdEnpYnCtt,sbrdEnpLtstEbzyrTastAmt
20260715,1101110008262,-,,-,-,-,-,0
20260715,1243110035801,Eleison Phamaceuticals Inc. ,2008,100 Overlook Center&amp;cr;2nd Floor&amp;cr;Princeton NJ 08540,제약/바이오,지분율 37.5%,미해당,0
20260715,1243110035801,㈜에스와이일렉트로닉스,2018,경기도 과천시,전기부품 제조업,지분율 41%,미해당,0
20260715,1845110014990,(주)레몬과 그 종속기업,20121001,경북 구미시 산동읍 산호대로 1105-65,전자파차폐소재 제조,사실상 지배력,O,25588
20260715,1845110014990,(주)대한테크,20120701,충남 아산시 음봉면 아산밸리로459번길 35,기계설비 조립 및 설치,의결권의 과반수 소유(K-IFRS 1110호),O,3757
20260715,1845110014990,TOPTEC HU Company Limited.,20200128,1011 Budapest Bem rakpart 23,기계설비 조립 및 설치,의결권의 과반수 소유(K-IFRS 1110호),O,3038
20260715,1845110014990,TOPTEC USA INC.,20211116,477 Starbuck Parkway Pendergrass GA 30567,기계설비 조립 및 설치,의결권의 과반수 소유(K-IFRS 1110호),O,5753
20260715,2801110073830,남경 고일지 광전&amp;cr;유한공사,200729,NO.219 New Industrial Park B B/D Peace Community&amp;cr; Jiangjun Road Jiangning Economy&amp;Technology Devlopment Zone&amp;cr; Nanjing City (Molning Street) Jiangsu China,LCD 패널용 필름&amp;cr;도광판 제조 및 판매,지분율 50% 초과&amp;cr;(지분율 100%),해당없음,60462
20260715,2801110073830,(주)코이즈에이씨티,201881,울산광역시 울주군 언양읍 반천산업로,금속가공&amp;cr;자동차 부품 제조업,지분율 50% 초과&amp;cr;(지분율 100%),해당없음,195430
20260715,2801110073830,(주)코이즈첨단소재,2018912,경기도 군포시 엘에스로,전자 유기재료의 개발 제조 및 판매,지분율 50% 초과&amp;cr;(지분율 100%),해당없음,660328
20260716,1101111906887,(주) 인포와이즈,20020404,서울 영등포구 당산로 41길 11&amp;cr;W동 7층 705호706호,소프트웨어 자문&amp;cr;개발 및 공급업,지분율 65.45%,미해당,1671745
20260716,1101113802992,주식회사 홈쎄라,20150108,경기도 용인시 수지구 신수로 767 6층 613호(동천동 분당수지유타워),미용기기 제조 및 판매업,의결권의 과반수 이상 소유&amp;cr;지분율 98.55%,해당,4735
20260716,1101113802992,주식회사 하이로닉코리아,20160406,경기도 용인시 기흥구 동백중앙로 191 8층 제이812호(중동 씨티프라자),의료기기 및 미용기기 도소매업,의결권의 과반수 이상 소유&amp;cr;지분율 100.00%,해당,3710
20260716,1101113802992,Hironic Japan Co. Ltd.,20250401,도쿄도 지요다구 이이다바시 잇쵸메 5번 8호 악산빌딩 5층,의료기기 및 미용기기 제조 및 판매업,의결권 과반수 이상 소유,해당,429
20260716,1101115758333,ONCOCROSS Australia Pty Ltd.,20210601,호주,임상 및 연구개발,지분율 100%&amp;cr; (기업회계기준서 제1110호),해당,713
20260716,1101118376893,-,,-,-,-,-,0
20260716,1101118376893,-,,-,-,-,-,0
20260716,1101118376893,-,,-,-,-,-,0
20260716,1201110592924,Daewoo Development (HK)&amp;cr;Co. Limited (*1),20120906,ROOM 603 6F HANG PNT COMMERCIAL BUILDING 31 TONKINSTREET&amp;cr; CHEUNG SHA WAN KOWLOON HONGKONG,부동산개발&amp;cr;무역 외,지분 50%초과보유&amp;cr;(지분율: 100%),해당,0
20260716,1201110592924,대우자산개발주식회사 (*2),20250609,서울시 중구 세종대로 17 12층,토목건축공사업 등,지분 50%초과보유&amp;cr;(지분율: 100%),해당,50
20260716,1801110028026,(주)서륭,19870101,서울시 성동구 아차산로 67-16 2층&amp;cr;B102호 301호,섬유 및 합성수지 제조판매,의결권의 과반수 소유,해당없음,286
20260716,1801110028026,엘엔에스ESG일반사모투자신탁 제60호,20241030,-,금융투자업,의결권의 과반수 소유,해당없음,9344
20260721,1101113580390,FNC ENTERTAINMENT JAPAN Inc.,2011224,FNC ENTERTAINMENT JAPAN INC. FNC Bldg.&amp;cr;3-22-10 Nishi-Azabu Minato-ku Tokyo&amp;cr;106-0031 Japan,음반 및 공연기획,의결권의 과반수 소유&amp;cr;(기업회계기준서 1110호),해당(*1),27785
20260721,1101113580390,㈜에프엔씨스토리,201853,서울시 마포구 양화로 81 5층 510호&amp;cr;(서교동 패스트파이브),콘텐츠의 기획 제작 및 투자 등 ,의결권의 과반수 소유&amp;cr;(기업회계기준서 1110호),해당없음,9803
20260721,1101113580390,MARCH Inc.,201874,MARCH INC. FNC Bldg. 3-22-10 Nishi-Azabu&amp;cr;Minato-ku Tokyo 106-0031 Japan,인터넷 등의 통신네트워크와 전자기술을 이용한&amp;cr;각종 정보 제공 서비스업 및 광고업 등 ,의결권의 과반수 소유&amp;cr;(기업회계기준서 1110호),해당없음,233
20260721,1101113580390,㈜콘텐츠랩나나랜드,20191227,서울시 마포구 성지길 36-18,디지털콘텐츠의 기획 및 제작 등,의결권의 과반수 소유&amp;cr;(기업회계기준서 1110호),해당없음,53
20260721,1101113580390,FNC USA LLC.,202321,2151 MICHELSON DR STE 200 IRVINE CA 92612,음반 및 공연기획 등,의결권의 과반수 소유&amp;cr;(기업회계기준서 1118호),해당없음,156
20260721,1347110014590,Solco Biomedical Corporation,20130703,14110 Dallas Pkwy Suite 135&amp;cr;Dallas TX,임플란트 판매업,기업의결권의 과반수 소유&amp;cr;(기업회계기준서 1027호 13),해당,8945559
20260721,1347110014590, (주)에이피홀딩스,20210625,경기도 성남시 분당구 황새울로 351번길 10401-엔87호,금융 및 보험업,기업의결권의 과반수 소유&amp;cr;(기업회계기준서 1027호 13),해당없음,5000581
20260721,1601110014483,미래에셋금융서비스 주식회사,20140415,서울 중구 소월로2길 30&amp;cr;6층(남대문로T타워),보험대리업,기업회계기준서 &amp;cr;제1110호 문단7,해당(자산750억이상),155129
20260721,1601110014483,미래에셋맵스 프런티어 &amp;cr;호주 사모부동산 &amp;cr;자투자신탁1-2호(파생형),20130726,서울 중구 수하동 67번지 미래에셋 센터원빌딩 &amp;cr;이스트타워,금융투자업,기업회계기준서 &amp;cr;제1110호 문단7,해당(자산750억이상),179822
20260721,1601110014483,미래에셋맵스프런티어미국사모부동산투자신탁6-1호(파생형),20150921,서울 중구 수하동 67번지 미래에셋 센터원빌딩 &amp;cr;이스트타워,금융투자업,기업회계기준서 &amp;cr;제1110호 문단7,해당(자산750억이상),222442
20260721,2301110296432,-,,-,-,-,-,0
20260721,2301110296432,-,,-,-,-,-,0
20260721,2301110296432,-,,-,-,-,-,0
20260723,1101116353116,주식회사 탈로스,200902,경기도 안양시 동안구 학의로 282,군수용 리튬이온 이차전지 충전기 및  에너지저장장치,실질 지배력 보유,해당,22063449
20260723,1101116353116,NAINTECH MICHIGAN INC,202509,2097 Heyboer dr #202 Holland MI 49423,이차전지 제조업,실질 지배력 보유,해당,441600
20260723,1311110496503,ICTK AMERICA INC.,20241018,3003 North 1st Street Suite#312 &amp;cr; San Jose CA 95134 USA,서비스,의결권의 과반수 보유&amp;cr; (K-IFRS 1110호),미해당,709
20260724,1101111125289,,20250407,,,지분 100% 소유,해당안됨,7051
20260724,1101111627144,(주)에스텍에이스,19991214,서울시 강남구 도산대로 307&amp;cr;(신사동 백영신사빌딩 5층) ,용역경비,종속기업,-,13448
20260724,1101111627144,(주)에스텍베스트,20011105,부산시 부산진구 중앙대로 920 &amp;cr;(양정동 기계설비건설회관 2층),용역경비,종속기업,-,9592
20260724,1101111627144,(주)에스텍퍼스트,20011101,경기도 수원시 팔달구 권광로 197&amp;cr;(인계동 남현프라자 406호),용역경비,종속기업,-,9180
20260724,1101111627144,(주)에스텍세이프,20101015,대전시 중구 계룡로 786 603호&amp;cr;(오류동 사학연금회관),용역경비,종속기업,-,18469
20260724,1101111627144,(주)에스텍플러스,20051213,서울시 강남구 테헤란로52길 21 14층&amp;cr;(역삼동 파라다이스벤쳐타워),용역경비&amp;cr;인력파견,종속기업,-,14513
20260724,1101111627144,(주)에스텍&amp;cr;프라임,20231213,서울시 강남구 개포로 619 10층(개포로),특수경비업,종속기업,-,3146
20260724,1101111627144,(주)어울림에프,20170201,경기도 수원시 영통구 영통로 331번길12,임가공&amp;cr;제조,종속기업,-,4865
20260724,1101111627144,(주)에스텍에코,20240719,경기도 화성시 향납읍 구문천2길 210-5,폐기물 재생처리업,종속기업,-,7024
20260724,1101114855924,㈜더블다운인터액티브,20071218,서울특별시 강남구 강남구 테헤란로 152&amp;cr;13층 (역삼동 강남파이낸스센터),게임 등 소프트웨어&amp;cr;개발 및 공급업,의결권 과반수 소유&amp;cr;(기업회계기준서 1110호),해당,798301
20260724,1101114855924,DoubleDown Interactive LLC,20100722,6671 S. Las Vegas Blvd. Building D Suite 210.&amp;cr;Las Vegas Nevada United State 89119,게임 등 소프트웨어&amp;cr;개발 및 공급업,의결권 과반수 소유&amp;cr;(기업회계기준서 1110호),해당,1362295
20260724,1101114855924,㈜더블에이트게임즈,20160830,서울특별시 강남구 강남구 테헤란로 152&amp;cr;13층 (역삼동 강남파이낸스센터),게임 등 소프트웨어&amp;cr;개발 및 공급업,의결권 과반수 소유&amp;cr;(기업회계기준서 1110호),해당사항없음,271
20260724,1101114855924,SuprNation AB,20150923,Vinkompassen Gustavlundsvagen 12&amp;cr;167 51 Bromma Stockholm Sweden,지주회사,의결권 과반수 소유&amp;cr;(기업회계기준서 1110호),해당사항없음,13246
20260724,1101114855924,SuprClick Limited,20190122,Palazzo Villa Rosa Triq in-Nemes Swieqi&amp;cr;SWQ 3302 Malta,광고마케팅,의결권 과반수 소유&amp;cr;(기업회계기준서 1110호),해당사항없음,359
20260724,1101114855924,SuprHoldings Limited,20160301,Palazzo Villa Rosa Triq in-Nemes Swieqi&amp;cr;SWQ 3302 Malta,지주회사,의결권 과반수 소유&amp;cr;(기업회계기준서 1110호),해당사항없음,15218
20260724,1101114855924,Red Sea Media Limited,20191231,Palazzo Villa Rosa Triq in-Nemes Swieqi&amp;cr;SWQ 3302 Malta,광고마케팅,의결권 과반수 소유&amp;cr;(기업회계기준서 1110호),해당사항없음,1449
20260724,1101114855924,SuprPay Limited,20160517,Palazzo Villa Rosa Triq in-Nemes Swieqi&amp;cr;SWQ 3302 Malta,게임 퍼블리싱 및 운영,의결권 과반수 소유&amp;cr;(기업회계기준서 1110호),해당사항없음,35
20260724,1101114855924,SuprPlay Limited,20160301,Palazzo Villa Rosa Triq in-Nemes Swieqi&amp;cr;SWQ 3302 Malta,게임 퍼블리싱 및 운영,의결권 과반수 소유&amp;cr;(기업회계기준서 1110호),해당사항없음,12482
20260724,1101114855924,SuprMedia Limited,20200220,Suite 3 Second Floor Icom House&amp;cr;1/5 Irish Town GX11 1AA Gibraltar,게임 퍼블리싱 및 운영,의결권 과반수 소유&amp;cr;(기업회계기준서 1110호),해당사항없음,416
20260724,1101114855924,SuprIsle Limited,20200618,First Floor Millenium House Victoria Road&amp;cr;Douglas Isle of Man IM2 4RW,게임 퍼블리싱 및 운영,의결권 과반수 소유&amp;cr;(기업회계기준서 1110호),해당사항없음,68
20260724,1101114855924,SuprIsle Services Limited,20201007,First Floor Millenium House Victoria Road&amp;cr;Douglas Isle of Man IM2 4RW,게임 퍼블리싱 및 운영,의결권 과반수 소유&amp;cr;(기업회계기준서 1110호),해당사항없음,12
20260724,1101114855924,Paxie Games Oyun ve Yazilim A.S.,20210907,Goztepe MAH. Meryem Atmaca SK. &amp;cr;NO:1/18 Kadikoy 34730 Istanbul Turkey,게임 등 소프트웨어&amp;cr;개발 및 공급업,의결권 과반수 소유&amp;cr; (기업회계기준서 1110호),해당사항없음&amp;cr;주4),18814
20260724,1101114855924,Kite Games Oyun ve Yazilim A.S.,20251229,Goztepe MAH. Meryem Atmaca SK. &amp;cr;NO:1/18 Kadikoy 34730 Istanbul Turkey,게임 등 소프트웨어&amp;cr;개발 및 공급업,의결권 과반수 소유&amp;cr; (기업회계기준서 1110호),해당사항없음&amp;cr;주4),0
20260724,1101114855924,Wind Games Oyun ve Yazilim A.S.,20251229,Goztepe MAH. Meryem Atmaca SK. &amp;cr;NO:1/18 Kadikoy 34730 Istanbul Turkey,게임 등 소프트웨어&amp;cr;개발 및 공급업,의결권 과반수 소유&amp;cr; (기업회계기준서 1110호),해당사항없음&amp;cr;주4),0
20260724,1101114855924,Studio Sky Games Oyun ve Yazilim A.S.,20251229,Goztepe MAH. Meryem Atmaca SK. &amp;cr;NO:1/18 Kadikoy 34730 Istanbul Turkey,게임 등 소프트웨어&amp;cr;개발 및 공급업,의결권 과반수 소유&amp;cr; (기업회계기준서 1110호),해당사항없음&amp;cr;주4),0
20260724,1101114855924,WHOW Games GmbH,20130403,,게임 등 소프트웨어&amp;cr;개발 및 공급업,의결권 과반수 소유&amp;cr; (기업회계기준서 1110호),해당사항없음&amp;cr;주5),23224
20260724,1101114855924,WHOW Marketing GmbH,20160502,,광고마케팅,의결권 과반수 소유&amp;cr; (기업회계기준서 1110호),해당사항없음&amp;cr;주5),1608
20260724,1101114855924,PlayCade Interactive GmbH,20210311,,게임 등 소프트웨어&amp;cr;개발 및 공급업,의결권 과반수 소유&amp;cr; (기업회계기준서 1110호),해당사항없음&amp;cr;주5),647
20260724,1412110022619,CU CORPORATION,20120528,5-7-8 Yutaka-cho Shinagawa-ku&amp;cr;Tokyo,의료기기 판매,의결권의 과반수 소유,미해당,4788
20260724,1412110022619,CU Medical Germany GmbH,20120731,Berliner Str. 44 10713 Berlin&amp;cr;Germnay,의료기기 판매,,해당,9582
20260724,1801110071794,-,,-,-,-,-,0
20260724,1801110071794,-,,-,-,-,-,0
20260724,1801110071794,-,,-,-,-,-,0
20260728,1648110060785,-,,-,-,-,-,0
20260728,1648110060785,-,,-,-,-,-,0
20260728,1648110060785,-,,-,-,-,-,0
20260728,1943110003995,WOOSU AUTOMOTIVE&amp;cr;INDIA PRIVATE LIMITED,20071205,No.130Narasingapuram Village&amp;cr;Thiruvallur Taluk &amp; District Tamil nadu India.,자동차부품&amp;cr;제조업,의결권의 과반수 소유&amp;cr;(기업회계기준서 1110호),해당&amp;cr;(자산총액&amp;cr;10% 이상),62650
20260728,1943110003995,WOOSU CZECH s.r.o,20120405,TESINSKA 1529SENOVE739 34CZECH REPUBLIC,자동차부품&amp;cr;판매업,의결권의 과반수 소유&amp;cr;(기업회계기준서 1110호),해당사항&amp;cr;없음,153
20260728,1943110003995,(주)우수티엠엠,20180301,울산광역시 중구 종가로 362-11 903906호(교동),전기자동차부품제조&amp;cr;판매업,의결권의 과반수 소유&amp;cr;(기업회계기준서 1110호),해당사항&amp;cr;없음,3762
20260728,2101110054248,-,,-,-,-,-,0
20260728,2101110054248,-,,-,-,-,-,0
20260728,2101110054248,-,,-,-,-,-,0
20260729,1717110129857,HEM pharma Japan Inc.,20250106,4F Joware Shoto 1-1-3 Shoto Shibuya-ku&amp;cr;Tokyo 1500046 Japan,연구개발 등,지분 100% 보유,부,420245
20260729,1717110129857,주식회사 로그미,20211222,서울특별시 종로구 새문안로5길 46&amp;cr;11층 1104호(당주동),연구개발 등,지분 51% 보유,부,903494
20260730,1101110003428,(주)에너비스 솔라,20130901,서울특별시 성북구 종암로 58(종암동),전기발전업,100%,-,179838
20260730,1101111023889,산동지인전자과기유한공사,2013813,산동성 연태시지부구 &amp;cr;환해로 89-4-5호,소프트웨어&amp;cr;수출입무역,기업 &amp;cr;의결권의&amp;cr;과반수를 소유,해당없음,848987
20260730,1101111023889,양재아이티(주),1998327,서울특별시 금천구&amp;cr;가산디지털2로 123 313호,소프트웨어 개발&amp;cr;및 용역,40% 지분소유&amp;cr;(지배력 행사),해당없음,2573368
20260730,1601110020406,-,,-,-,-,-,0
20260730,1601110020406,-,,-,-,-,-,0
20260730,1601110020406,-,,-,-,-,-,0
20260731,1101110624969,-,,-,-,-,-,0
20260731,1101110660806,Heerim Engineering Consultancy Company,20230808,8899 King Fahad Branch Al Olaya Dist. Riyadh Kingdom of Saudi Arabia,엔지니어링건축설계기술자문 서비스,직접지배 (지분율100%),-,1890
20260731,1101110660806,㈜스마트에이치,20240605,서울특별시 강동구 상일로6길 39 4층,응용 소프트웨어 개발 및 공급업,직접지배(지분율100%),-,1
20260731,1101110660806,㈜에이치알스마트파킹,20240830,서울특별시 강동구 상일로6길 39 2층,주차설비 및 승강기  제조업,직접지배 (지분율100%),-,781
20260731,1101110660806,Heerim Engineering India  Private Limited,20241122,129 130 TF FLAT NO.E 3 FP L S BHAGWAN NAGAR Delhi South Delhi-10014Delhi,전문 과학 및 기술서비스업,직접지배&amp;cr; (지분율100%),-,279
20260731,1101110660806,HEERIM USA LTD.,20250709,2 Constitution Drive Suite 101&amp;cr; Virginia Beach Virginia 23462&amp;cr; United States of America,건축설계 및 시공관리,직접지배&amp;cr; (지분율100%),-,308
20260731,1101111874448,-,,-,-,-,-,0
20260731,1101113091107,-,,-,-,-,-,0
20260731,1101114045129,NATURE REPUBLIC JAPAN INC.,20210406,3F VORT 1-10-11 Hamamatsucho Minato-ku Tokyo Japan(105-0013),화장품 도소매,의결권의 과반수 소유,해당,6495
20260731,1101114045129,,20140618,No. 2710 Unit A WANGJING FANGHENG INTERNATIONAL CHAOYANG DISTRICT BEIJING CHINA,화장품 도소매,의결권의 과반수 소유,-,466
20260731,1101114045129,,20150323,34-18 NORTHERN BLVD 2-9 LONG ISLAND CITY NY UNITED STATES 11101,화장품 도소매,의결권의 과반수 소유,-,3470
20260731,1101114045129,LOHAS GLOBAL INC.,20170721,34-18 NORTHERN BLVD 2-9 LONG ISLAND CITY NY UNITED STATES 11101,화장품 도소매,의결권의 과반수 소유,-,31
20260731,1101114045129,㈜스타메이크업,20201228,서울특별시 강남구 테헤란로 534 23층(대치동 글라스타워),화장품 도소매,의결권의 과반수 소유,-,8
20260731,1101114045129,㈜스위스인터내셔널,20201228,서울특별시 강남구 테헤란로 534 23층(대치동 글라스타워),화장품 도소매,의결권의 과반수 소유,-,8
20260731,1101114045129,㈜닥터바이오팜,20201228,서울특별시 강남구 테헤란로 534 23층(대치동 글라스타워),화장품 도소매,의결권의 과반수 소유,-,9
20260731,1101114197251,미라셀바이오&amp;cr;주식회사,202178,전라남도 화순군 화순읍 산단길 12-55 111호,줄기세포 치료제 개발 및 제조 판매업,-,해당,111
20260731,1101114197251,미라셀바이오테크 주식회사,202215,충청북도 청주시 흥덕구 오송읍 오송생명5로,생물학적 연구개발,-,해당,4
20260731,1101114290039,KFTC Beijing Co.Ltd&amp;cr;(BKFTC),20030701,(101300) Caiyuan Industrial Zone Nancai Town&amp;cr;Shunyi District Beijing CHINA,자동차부품 제조,의결권 있는 주식&amp;cr;50% 초과 보유,해당&amp;cr;(주1 참조),85566
20260731,1101114290039,KFTC Chongqing Co.Ltd&amp;cr;(주2),20151029,(401135) Road T3 LongXing Industrial Zone&amp;cr;YuBel District Chongqing City CHINA,자동차부품 제조,의결권 있는 주식&amp;cr;50% 초과 보유,미해당&amp;cr;(주1 참조),8137
20260731,1101114290039,Korea Fuel Tech India&amp;cr;Private Limited  &amp;cr;(KFTI),20060626,Plot No. L 12/2 A1 Sipcot Industrial Park&amp;cr;Mambakkam Post Sriperumbudur Talk&amp;cr;602105 Kancheepuram Chennai INDIA,자동차부품 제조,의결권 있는 주식&amp;cr;50% 초과 보유,미해당&amp;cr;(주1 참조),31110
20260731,1101114290039,Korea Fuel Tech Poland&amp;cr;sp.z.o.o  &amp;cr;(KFTP),20070911,ul. Handlowa 2 41-807 Zabrze POLAND,자동차부품 제조,의결권 있는 주식&amp;cr;50% 초과 보유,해당&amp;cr;(주1 참조),119555
20260731,1101114290039,,20140228,Fucikova335-2Rajec 01501SLOVAKIA,자동차부품 제조,의결권 있는 주식&amp;cr;50% 초과 보유,해당&amp;cr;(주1 참조),76612
20260731,1101114290039,Korea Fuel Tech America Inc.(KFTA),20200924,272 Technology Pkwy Auburn AL 36830 USA,자동차부품 제조,의결권 있는 주식&amp;cr;50% 초과 보유,해당&amp;cr;(주1 참조),39406
20260731,1101114780072,ROKIT EU GMBH,201801,Heinrich-Barth Strasse 66115&amp;cr;Saarbruecken Germany,3D 바이오 프린터의 판매 및 장기재생 연구개발,의결권의 과반수소유&amp;cr;(K-IFRS 1110호 지분율 100%),해당없음,56033
20260731,1101114780072,ROKIT AMERICA INC,201907,3435 Wilshire Blvd. Ste 2925&amp;cr;Los Angeles CA 90010 USA,건강식품의 판매 및 연구개발,의결권의 과반수소유&amp;cr;(K-IFRS 1110호 지분율 100%),해당,8111318
20260731,1101114780072,주식회사 로킷제노믹스,201906,서울특별시 금천구 디지털로 10길 912층(가산동하이힐빌딩),유전체분석업(scRNA 분석),의결권의 과반수소유&amp;cr;(K-IFRS 1110호 지분율 88.3%),해당없음,1858205
20260731,1115110004162,FEELUX OPTO ELECTRONICS(SHANDONG) CO.LTD,19970324,중국 영성시,조명 부품소재 생산 및 판매,기업 의결권의 과반수 소유 기업회계기준서 1027호 13,해당 (자산총액의 10% 이상),72036
20260731,1115110004162,FEELUX OPTO ELECTRONICS(MUHAN) CO.LTD,20140320,중국 영성시,부품 생산 판매,기업 의결권의 과반수 소유 기업회계기준서 1027호 13,미해당 (자산총액의 10% 미만),481
20260731,1115110004162,FEELUX HONGKONG CO.LIMITED,20150101,홍콩,부품 판매,기업 의결권의 과반수 소유 기업회계기준서 1027호 13,미해당 (자산총액의 10% 미만),3405
20260731,1115110004162,TAIAN FEELUX ELECTRONIC CO.LTD,20180905,중국,부품 생산 판매,기업 의결권의 과반수 소유 기업회계기준서 1027호 13,미해당 (자산총액의 10% 미만),1669
20260731,1115110004162,FEELUX ELECTRONICS(VIETNAM) CO.LTD,20240417,베트남,부품 생산 판매,기업 의결권의 과반수 소유 기업회계기준서 1027호 13,미해당 (자산총액의 10% 미만),1614
20260731,1115110004162,PT. FEELUX,19960328,인도네시아 자바베카,부품 생산 판매,기업 의결권의 과반수 소유 기업회계기준서 1027호 13,미해당 (자산총액의 10% 미만),442
20260731,1115110004162,FEELUX LIGHTING INC,20070509,미국 애틀란타,조명 판매,기업 의결권의 과반수 소유 기업회계기준서 1027호 13,미해당 (자산총액의 10% 미만),4887
20260731,1115110004162,(주)와이케이파트너스,20020814,한국,실내 건축 및 디자인,기업 의결권의 과반수 소유 기업회계기준서 1027호 13,미해당 (자산총액의 10% 미만),5419
20260731,1115110004162,FEELUX THAILAND CO.LTD,20130607,태국 촌부리,부품 생산 판매,기업 의결권의 과반수 소유 기업회계기준서 1027호 13,미해당 (자산총액의 10% 미만),5584
20260731,1115110004162,SHAOXING SHANGYU FEELUX TRADING CO.LTD,20150120,중국,조명 판매,기업 의결권의 과반수 소유 기업회계기준서 1027호 13,미해당 (자산총액의 10% 미만),2400
20260731,1115110004162,(주)비에스피리츠,19920507,한국,부동산업,기업 의결권의 과반수 소유 기업회계기준서 1027호 13,미해당 (자산총액의 10% 미만),21712
20260731,1115110004162,(주)에프에스플래닝,20180122,한국,사업타당성 분석,기업 의결권의 과반수 소유 기업회계기준서 1027호 13,미해당 (자산총액의 10% 미만),33679
20260731,1115110004162,CAR-TCELLKOR INC,20180424,미국,신약 연구개발업 임상대행업,기업 의결권의 과반수 소유 기업회계기준서 1027호 13,미해당 (자산총액의 10% 미만),277
20260731,1115110004162,FEELUX JAPAN CO.LTD,20120809,일본,조명 판매,기업 의결권의 과반수 소유 기업회계기준서 1027호 13,미해당 (자산총액의 10% 미만),2037
20260731,1115110004162,FEELUX LIGHTING (SHANGHAI) CO.LTD,20171201,중국,조명 판매,기업 의결권의 과반수 소유 기업회계기준서 1027호 13,미해당 (자산총액의 10% 미만),306
20260731,1115110004162,에스디비조합,20210326,한국,투자조합,기업 의결권의 과반수 소유 기업회계기준서 1027호 13,미해당 (자산총액의 10% 미만),917
20260731,1115110004162,케이에이치강원개발(주),20210512,한국,부동산 개발 및 시행업,기업 의결권의 과반수 소유 기업회계기준서 1027호 13,해당 (자산총액의 10% 이상),854287
20260731,1115110004162,(주)스윗파트너스,20210702,한국,부동산 임대업,기업 의결권의 과반수 소유 기업회계기준서 1027호 13,미해당 (자산총액의 10% 미만),11667
20260731,1115110004162,(주)알펜시아,20090901,한국,휴양콘도운영업,기업 의결권의 과반수 소유 기업회계기준서 1027호 13,미해당 (자산총액의 10% 미만),5649
20260731,1115110004162,제이브이씨조합,20240718,한국,투자조합,기업 의결권의 과반수 소유 기업회계기준서 1027호 13,미해당 (자산총액의 10% 미만),25462
20260731,1115110004162,비비원조합,20240723,한국,투자조합,기업 의결권의 과반수 소유 기업회계기준서 1027호 13,미해당 (자산총액의 10% 미만),15477
20260731,1115110004162,(주)지니어스관광농원,20170426,한국,농업관광업,기업 의결권의 과반수 소유 기업회계기준서 1027호 13,미해당 (자산총액의 10% 미만),1747
20260731,1115110004162,비엔에스조합,20241129,한국,투자조합,기업 의결권의 과반수 소유 기업회계기준서 1027호 13,미해당 (자산총액의 10% 미만),5112
20260731,1115110004162,비케이프라임(주),20250519,한국,정보통신업,기업 의결권의 과반수 소유 기업회계기준서 1027호 13,미해당 (자산총액의 10% 미만),7784
20260731,1115110004162,(주)강원블루마운틴,20250429,한국,부동산 개발 및 시행업,기업 의결권의 과반수 소유 기업회계기준서 1027호 13,미해당 (자산총액의 10% 미만),3881
20260731,1115110004162,강원투자개발(주),20250101,한국,부동산 개발 및 시행업,기업 의결권의 과반수 소유 기업회계기준서 1027호 13,미해당 (자산총액의 10% 미만),2292
20260731,1115110004162,(주)강원도의꿈,20250416,한국,부동산 개발 및 시행업,기업 의결권의 과반수 소유 기업회계기준서 1027호 13,미해당 (자산총액의 10% 미만),7081
20260731,1115110004162,(주)강원프라임리츠,20250429,한국,부동산 개발 및 시행업,기업 의결권의 과반수 소유 기업회계기준서 1027호 13,미해당 (자산총액의 10% 미만),9
20260731,1115110004162,강원리츠(주),20201024,한국,부동산 개발 및 시행업,기업 의결권의 과반수 소유 기업회계기준서 1027호 13,미해당 (자산총액의 10% 미만),23685
20260731,1201110000323,청도동화&amp;cr;주조유한공사,200705,중국 산동성 청도 평도시 &amp;cr;동화가도 반사천 평영로,자동차용 알루미늄&amp;cr;휠의 제조판매,지배력 기준&amp;cr;(기업회계기준서 1110호),해당사항 없음,44069
20260731,1201110000323,HANDS USA&amp;cr;Corp.,200910,888 West Big Beaver Rd &amp;cr;#340 Troy MI USA 48084,자동차용 알루미늄&amp;cr;휠의 수입판매,지배력 기준&amp;cr;(기업회계기준서 1110호),해당사항 없음,1904
20260731,1201110000323,핸즈식스㈜,201209,경기도 화성시 마도면 &amp;cr;마도공단로6길 12,자동차용 알루미늄&amp;cr;휠의 제조판매,지배력 기준&amp;cr;(기업회계기준서 1110호),해당&amp;cr;(자산총액 750억원 이상),252840
20260731,1201110000323,HANDS 8 S.A.,201709,Kingdom of Morocco&amp;cr;Tanger zone franche tanger Automotive City&amp;cr;lot E commune Jouamaa province Fahs Anjra.,자동차용 알루미늄&amp;cr;휠의 제조판매,지배력 기준&amp;cr;(기업회계기준서 1110호),해당&amp;cr;(자산총액 750억원 이상),225536
20260731,1201110000323,HANDS FUNDING&amp;cr;LTD.,201712,Cayman Corporate Centre 27 Hospital &amp;cr;Road George Town Grand Cayman &amp;cr;KY1-9008 Cayman Islands,금융업,지배력 기준&amp;cr;(기업회계기준서 1110호),해당사항 없음,13
20260731,1201110000323,HANDS EU GmbH,202104,Romischer Ring 43 60486 Frankfurt am Main&amp;cr;Hessen Germany,자동차용 알루미늄&amp;cr;휠의 수입판매,지배력 기준&amp;cr;(기업회계기준서 1110호),해당사항 없음,360
20260731,1341110046313,-,,-,-,-,-,0
20260731,1341110046313,-,,-,-,-,-,0
20260731,1341110046313,-,,-,-,-,-,0
20260731,1341110106357,mPLUS Hungary&amp;cr;Limited Liability&amp;cr;Company,20190117,헝가리,제품 설치&amp;cr;유지보수,지분율&amp;cr;과반수&amp;cr;이상 보유,-,948416
20260731,1341110106357,mPLUS-US&amp;cr;Corporation,20210813,미국,제품 설치&amp;cr;유지보수,지분율&amp;cr;과반수&amp;cr;이상 보유,-,291656
20260731,1341110106357,mPLUS&amp;cr;Sweden AB,20221026,스웨덴,제품 설치&amp;cr;유지보수,지분율&amp;cr;과반수&amp;cr;이상 보유,-,1880
20260731,1348110069163,천진해성광전자&amp;cr; 유한공사,20030831,D10-1(B) International Industrial CityXEDA &amp;cr; TianjinCHINA,OIS 액츄에이터 착하지 &amp;cr; 검사 품질 및 A/S대응,의결권의  과반수 소유&amp;cr; (회계기준서 1027호 13),미해당,705
20260731,1348110069163,해성비나 유한책임회사,20110225,Khai Quang Industrial Zone Vinh Yen City &amp;cr; Vinh phuc province Vietnam,OIS 액츄에이터 제조,의결권의  과반수 소유&amp;cr; (회계기준서 1027호 13),해당,77281
20260731,1348110069163,㈜해화,19981202,경기도 용인시 기흥구 기흥로58 B동 2303호 (구갈동 기흥ICT밸리),OIS 액츄에이터 제조,의결권의  과반수 소유&amp;cr; (회계기준서 1027호 13),해당,19924
20260731,1348110069163,㈜티케이이엔에스,20150401,충청남도 계룡시 엄사면 도곡로 125,자동차램프용 제습제 제조,의결권의  실질적 지배&amp;cr; (회계기준서 1110호 7),미해당,4330
20260731,1348110069163,수자원기술㈜,20010201,경기도 성남시 수정구 위례서일로10 605호,댐 보 점검정비 용역 및 상하수도 관리,의결권의  과반수 소유&amp;cr; (회계기준서 1027호 13),해당,46592
20260731,1351110053143,㈜에이프로세미콘,20200701,광주광역시 북구 월출동 971-33&amp;cr;(한국광기술원) 비7동 202-2호,전력반도체&amp;cr;연구개발 및 제조,의결권의 과반수 소유,해당,63700122
20260731,1351110053143,남경에이프로 과기유한공사&amp;cr;(Nanjing APRO Technology Co. Ltd.),20200103,Room 209 Building 15 Future House&amp;cr;No.1115 Runshou North Road&amp;cr;Jiangning Street Jiangning District Nanjing,2차전지 장비&amp;cr;제조 및 판매,의결권의 과반수 소유,미해당,245503
20260731,1351110053143,㈜그린볼트,20210813,경기도 안양시 동안구 부림로170번길 41-14 6층,전기공사업,의결권의 과반수 소유,미해당,194996
20260731,1351110053143,A-PRO USA INC.,20211005,8121 Hitchcock Rd. Unit 15&amp;cr;Boardman OH 44512,2차전지 장비&amp;cr;제조 및 판매,의결권의 과반수 소유,미해당,3887066
20260731,1351110053143,A-PRO CA CO.LTD.,20231129,2870 Mckay Ave Windsor Ontario Canada N9E 2P9,2차전지 장비&amp;cr;제조 및 판매,의결권의 과반수 소유,미해당,89024
20260731,1351110053143,㈜에이프로머티리얼즈,20240312,경기도 안양시 동안구 부림로170번길 41-14 8층,2차전지 원부자재 제조 및 판매,의결권의 과반수 소유,미해당,803583
20260731,1351110053143,㈜그린볼트피클1호,20250204,경기도 안양시 동안구 부림로170번길 41-14 8층,전기차 배터리 &amp;cr;충전사업,의결권의 과반수 소유,미해당,97528
20260731,1351110102065,지투에너지(주),20230711,강원도 원주시 입춘로 45 &amp;cr;제11층 제1119호 제비1120호&amp;cr;(반곡동엔터비즈타워),태양광발전사업&amp;cr; 발전 및 전기판매업,의결권의 &amp;cr;과반수 소유,부,2823846
20260731,1351110102065,G2 America Co. Ltd,20241115,8 The Green Suite Suite A Dover &amp;cr;DE 1 19901 USA,재생에너지 및 이차전지,의결권의 &amp;cr;과반수 소유,부,0
20260731,1647110071148,INNOSPACE DO &amp;cr;BRASIL LTDA,20201103,Av. Sao Joao 2375 Sala 2411 Sao Joao dos Campos/&amp;cr;SP CEP 12242-000 BRAZIL,항공기 및 &amp;cr;우주선 제조업,의결권의 과반수 이상 소유,-,3875
20260731,1647110071148,INNOSPACE &amp;cr;EUROPE SAS,20220513,115 rue Saint-Dominique &amp;cr;75007 Paris,항공기 및 &amp;cr;우주선 제조업,의결권의 과반수 이상 소유,-,214
20260731,1647110071148,INNOSPACE ME&amp;cr;TRADING LLC,20240506,2nd Floor Aspin Commercial Tower&amp;cr;Sheikh Zayed Road Dubai,항공기 및 &amp;cr;우주선 제조업,의결권의 과반수 이상 소유,-,136
20260731,1760110008737,KCI VINA CO. LTD,201609,CN06-8 Binh Xuyen Ⅱ Industrial Park Binh Xuyen District &amp;cr;Vinh Phuc Province VietNam,EMS,100% 소유,O,92650631
20260731,1760110008737,Pamcom Int'l Inc.,201008,21354 Northhoft Street Suite 105 Chatsworth CA91311USA,무역업,100% 소유,X,106702
20260731,1801110015932,한국해운(주),19600224,서울시 강남구 선릉로 433 (역삼동),국제해운 대리점업,지분 50% 초과소유,해당없음,9053
20260731,1801110015932,세방메탈트레이딩(주),19900501,서울시 강남구 선릉로 433 (역삼동),철강전문 수출입업,지분 50% 초과소유,해당,39320
20260731,1801110015932,세방익스프레스(주),19651222,서울시 강남구 선릉로 433 (역삼동),수출입업 및 국내 판매업과  해운중개업,지분 50% 초과소유,해당,77185
20260731,1801110015932,에스비앤엘㈜,20070803,부산시 강서구 신항로 96-17,내륙운송 해상운송 등 운송업,지분 50% 초과소유,해당없음,9330
20260731,1801110015932,세방광양국제물류(주),20071108,전남 광양시 태인4길 45,내륙운송 해상운송 등 운송업,지분 50% 초과소유,해당없음,590
20260731,1801110015932,SEBANG VINA,20151001,LICOGL 13 BUILDING KHUAT DUY TIEN STREET THANH XUAN DISTRICT HA NOI,창고 및 운송주선업,지분 50% 초과소유,해당없음,7845
20260731,1801110015932,(유)대일특수운수,19901023,광주광역시 광산구 동곡로 852(운수동),운수업  및 서비스,지분 50% 초과소유,해당없음,1258
20260731,1801110015932,세방육운(주),20010117,부산 남구 우암로 127(감만동),육상운송 운송주선업,지분 50% 초과소유,해당없음,12558
20260731,1801110015932,세명육운(주),20090428,전남 광양시 컨부두로 460 1층(도이동),운송알선 운송사업,지분 50% 초과소유,해당없음,4381
20260731,1801110015932,세진육운(주),20021010,경기도 의왕시 창말로 39 1층 (이동 의왕제1터미널),화물 지입업,지분 50% 초과소유,해당없음,3529
20260731,1801110015932,SEBANG BELGIUM LOGISTICS B.V.,20220228,Noorderlaan 147 2030 Antwerpen Belgium,창고업,지분 50% 초과소유,해당없음,2210
20260731,1801110015932,㈜제이비엘로지스틱스,20120425,제주특별자치도 제주시 선반로6길 9(화북일동),도로화물운송업,지분 50% 초과소유,해당없음,11410
20260731,1801110015932,㈜제이비엘해운,20190801,제주특별자치도 제주시 선반로6길 9(화북일동),항만하역업,지분 50% 초과소유,해당없음,4351
20260731,1801110015932,㈜제이비엘네트웍스,20030418,제주특별자치도 제주시 화남로 43(화북일동),생활용품도소매업,지분 50% 초과소유,해당없음,10309
20260731,1801110015932,SEBANG Logistics USA Holdings Inc.,20240119,Corporation Trust Center 1209 Orange St Wilmington DE 19801 USA,운수업,지분 50% 초과소유,해당없음,3124
20260731,1801110015932,SEBANG Metal Trading America Corp.,20240311,16700 Valley View Ave #260 La Mirada CA 90638 USA,무역업,지분 50% 초과소유,해당없음,1183
20260731,1801110028042,(주)크리오스,1999,부산광역시 강서구&amp;cr;화전산단1로 155,LNG 저장시설 및 TANK 제조,의결권의 과반수 소유(회계기준서1110호),여,44624
20260731,1801110028042,(주)메딕바이오,2019,부산광역시 강서구&amp;cr;화전산단1로 155,바이오 관련&amp;cr;연구개발,의결권의 과반수 소유(회계기준서1110호),여,47
20260731,1943110005149,대련삼영두산금속제품유한공사,200507,중국 대련시 개발구,금속제조 및 가공,지분 100% 보유,해당,24372
20260731,1943110005149,(주)삼영영농,201501,경남 함안군 칠서면,농업,지분 89.7% 보유,미해당,852
20260731,1943110005149,삼영파트너스(주),202510,경남 함안군 칠서면,기업투자,지분 100% 보유,해당,134638
20260731,1943110005149,동아화성(주),197409,경남 김해시 유하로,자동차 및 가전용&amp;cr;고무부품 제조,실질지배력 보유,해당,175831
20260731,1943110005149,DONG-A HWA SUNG&amp;cr;TECHNOLOGY(WUXI) CO. LTD.,200303,중국 강소성,가전 및 자동차용&amp;cr;고무부품,실질지배력 보유,해당,49949
20260731,1943110005149,DONG-A INDIA AUTOMOTIVE&amp;cr;PVT.LTD..,200205,인도 첸드라,가전 및 자동차용&amp;cr;고무 플라스틱부품,실질지배력 보유,해당,42926
20260731,1943110005149,DONGA HWASUNG INDIA PVT.LTD.,201807,인도 안드라프라데쉬,자동차용&amp;cr;고무 플라스틱부품,실질지배력 보유,해당,30075
20260731,1943110005149,D.A RUS.LLC,200506,러시아 칼루가주,가전용&amp;cr;고무 플라스틱부품,실질지배력 보유,해당,22956
20260731,1943110005149,DONGA HWASUNG MEXICO&amp;cr;S.A.DE C.V..,201006,멕시코 께레타로,가전 및 자동차용&amp;cr;고무 플라스틱부품,실질지배력 보유,해당,32714
20260731,1943110005149,DONG-A POLAND Sp.z o.o.,201106,폴란드,가전용 고무부품,실질지배력 보유,미해당,3728
20260731,1943110005149,TOUA KASEI LTD,201405,일본 시즈오카현,자동차용 고무부품,실질지배력 보유,미해당,2932
20260731,1943110005149,DONG-A HWA SUNG&amp;cr;VINA.CO.LTD,201604,베트남 하이퐁시,가전용&amp;cr;고무 플라스틱부품,실질지배력 보유,해당,28459
20260731,1943110005149,DONG-A USA. INC.,201804,미국 테네시주,가전용&amp;cr;고무 플라스틱부품,실질지배력 보유,미해당,17918
20260731,1943110005149,동아퓨얼셀,201904,경기도 성남시 중원구,수소연료전지&amp;cr;연구 및 개발,실질지배력 보유,미해당,2762
20260731,2052110005288,Dong-A Steel Technology (B) Sdn Bhd,20161031,Simpang 326 Jalan Serasa. Kg Serasa BT1728,건설업,기업 의결권의 과반수 소유&amp;cr;(기업회계기준서 제1110호),해당없음,149677
20260731,2052110005288,스틸코㈜,20200803,광주 광역시 광산구 하남산단9번로 153,제조업,기업 의결권의 과반수 소유&amp;cr;(기업회계기준서 제1110호),해당,26640164
20260731,2052110005288,다스코개발㈜,20191002,전라남도 화순군 동면 동농공길 26-2,부동산업,기업 의결권의 과반수 소유&amp;cr;(기업회계기준서 제1110호),해당없음,2072144
20260731,2052110005288,에코솔라에너지㈜,20180418,광주광역시 서구 죽봉대로 68 11층,전기업,기업 의결권의 과반수 소유&amp;cr;(기업회계기준서 제1110호),해당없음,518796
20260731,2052110005288,디에스솔라㈜,20200311,전라남도 화순군 동면 동농공길 26-2,부동산업,기업 의결권의 과반수 소유&amp;cr;(기업회계기준서 제1110호),해당없음,116994
20260731,2052110005288,다스코산업㈜,20200311,전라남도 화순군 동면 동농공길 26-2,부동산업,기업 의결권의 과반수 소유&amp;cr;(기업회계기준서 제1110호),해당없음,32106
20260731,2052110005288,동아에스지㈜,20140701,전라남도 화순군 동면 동농공길 26-2,태양광발전업,기업 의결권의 과반수 소유&amp;cr;(기업회계기준서 제1110호),해당없음,843326
20260731,2052110005288,군포희망에너지㈜,20140101,충청남도 당진시 합덕읍 면천로 1361-15,태양광발전업,기업 의결권의 과반수 소유&amp;cr;(기업회계기준서 제1110호),해당없음,623856
20260731,2052110005288,동아쏠라(유),20170801,충청남도 당진시 합덕읍 합덕산단1로 50,태양광발전업,기업 의결권의 과반수 소유&amp;cr;(기업회계기준서 제1110호),해당없음,339457
20260731,2052110005288,포두영농태양광㈜,20210831,전라남도 고흥군 포두면 우주로 607 2층,신재생에너지 사업,기업 의결권의 과반수 소유&amp;cr;(기업회계기준서 제1110호),해당없음,98907
20260731,2052110005288,(유)퍼플신안태양광,20231207,전라남도 담양군 담양읍 객사2길 11-23,신재생에너지 사업,기업 의결권의 과반수 소유&amp;cr;(기업회계기준서 제1110호),해당없음,1541014
20260731,2052110005288,(주)명지3호에너지,20250909,전라남도 화순군 동면 동농공길 26-2,연료전지발전사업,기업 의결권의 과반수 소유&amp;cr;(기업회계기준서 제1110호),해당없음,0
20260731,2052110005288,(주)쏠리스장흥,20230320,전라남도 장흥군 대덕읍 대대로 914,신재생에너지 사업,기업 의결권의 과반수 소유&amp;cr;(기업회계기준서 제1110호),해당없음,1844577
20260731,2052110005288,디에스파트너스(주),20251031,전라남도 화순군 동면 동농공길 26-2,태양광발전업,기업 의결권의 과반수 소유&amp;cr;(기업회계기준서 제1110호),해당없음,0
20260731,2052110005288,(주)영암나눔태양광,20221207,전라남도 영암군 시종면 내동중앙로 26,신재생에너지 사업,기업 의결권의 과반수 소유&amp;cr;(기업회계기준서 제1110호),해당없음,578649
20260804,1942110088197,중성전기(청도)&amp;cr;유한공사,20011231,HUAXIAN ROAD DANSHAN TRADING ESTATE CHENGYANG QINGDAO CHINA,모터 코어 제조 및 판매,지분율&amp;cr;91.67%,부,11725
20260804,1942110088197,하이젠통달(청도)&amp;cr;상무 유한공사,20241106,NO.47 XIANSHAN EAST ROAD CHENGYANG DISTRICT QINGDAO CITY SHANDONG CHINA,모터 유통,주1,부,299
20260804,1942110242397,-,,-,-,-,-,0
